a11,a12,a21,a22,a31,a32,a33,m11,m22,m31,m33,p11,p12,p13,p21,p22,p31,p32,p33,pu3,pu4,pu5,pu6,s12,s21,s31,std_yPKDpN0,std_yPKDpN24,std_yPKDpN25,std_yPI4K3BpRN24,std_yCERTpRN24,scale_yPKDpN0,scale_yPKDpN24,scale_yPKDpN25,scale_yPI4K3BpRN24,scale_yCERTpRN24
-1.393939393939394,0.1212121212121211,-0.18181818181818166,-3.212121212121212,0.666666666666667,0.06060606060606055,-0.18181818181818166,10.0,9.272727272727273,6.929292929292929,2.7272727272727275,0.9595959595959593,-2.878787878787879,-1.6666666666666665,-4.090909090909091,-3.888888888888889,5.0,1.8686868686868685,-5.0,5.636363636363637,2.272727272727273,5.7272727272727275,2.272727272727273,3.2626262626262625,5.484848484848484,4.272727272727273,0.6262626262626263,-1.1111111111111112,1.2323232323232323,0.22222222222222232,-0.707070707070707,2.757575757575758,2.191919191919192,-0.31313131313131315,-1.8484848484848486,-4.515151515151516
-0.06060606060606055,1.0909090909090908,-1.393939393939394,-2.9696969696969697,-3.3333333333333335,-3.0303030303030303,1.333333333333333,5.3939393939393945,2.9696969696969697,2.7272727272727275,7.252525252525253,0.858585858585859,-0.3535353535353538,-2.474747474747475,2.070707070707071,-2.0707070707070705,-3.9898989898989896,-3.080808080808081,-1.8686868686868685,5.090909090909091,1.3636363636363638,3.909090909090909,2.727272727272727,6.393939393939394,6.545454545454546,4.070707070707071,0.26262626262626254,1.6363636363636362,0.26262626262626254,0.10101010101010122,0.10101010101010122,-4.111111111111111,-4.6767676767676765,-2.01010101010101,-4.03030303030303,0.33333333333333304
-3.1515151515151514,0.3636363636363633,1.333333333333333,-3.1515151515151514,1.1515151515151514,-2.242424242424242,-2.787878787878788,3.8585858585858586,7.090909090909091,9.11111111111111,8.707070707070706,-0.5555555555555554,1.666666666666667,-4.797979797979798,-1.5656565656565657,-3.383838383838384,-3.888888888888889,-1.0606060606060606,-0.9595959595959593,3.090909090909091,6.454545454545454,0.09090909090909083,-0.4545454545454546,6.444444444444445,3.666666666666667,3.2626262626262625,-0.5858585858585859,0.8686868686868685,0.7878787878787881,-1.4747474747474747,2.0,-0.7171717171717171,-4.111111111111111,1.8686868686868685,0.737373737373737,-0.7979797979797976
0.6060606060606064,1.5757575757575761,-3.2727272727272725,0.3636363636363633,0.4848484848484844,-1.0909090909090908,-1.1515151515151514,2.242424242424242,2.242424242424242,2.080808080808081,8.868686868686869,-4.292929292929293,3.282828282828282,4.292929292929292,-3.484848484848485,-2.474747474747475,1.3636363636363633,-0.15151515151515138,-2.878787878787879,1.5454545454545454,0.4545454545454546,5.363636363636363,2.090909090909091,5.737373737373737,4.6767676767676765,5.5353535353535355,1.7575757575757578,-0.8686868686868687,0.6262626262626263,-0.14141414141414144,1.5151515151515151,-1.3636363636363638,-1.606060606060606,0.9797979797979801,-0.9595959595959593,-4.757575757575758
-3.5757575757575757,-1.7575757575757578,-3.515151515151515,1.1515151515151514,2.0,1.878787878787879,1.878787878787879,3.3737373737373737,6.767676767676767,6.686868686868687,8.141414141414142,-4.696969696969697,4.090909090909092,1.4646464646464645,4.292929292929292,-3.080808080808081,2.575757575757576,-3.9898989898989896,0.7575757575757578,3.454545454545454,0.6363636363636365,7.090909090909092,4.454545454545454,4.020202020202021,3.717171717171717,4.474747474747475,-0.26262626262626254,0.3434343434343434,1.878787878787879,1.6363636363636362,-1.2727272727272727,-2.414141414141414,-0.15151515151515138,1.7070707070707067,0.5757575757575761,-3.383838383838384
-2.9696969696969697,0.9090909090909092,-4.0,-1.5757575757575757,-1.8181818181818183,2.0,-0.7878787878787881,4.343434343434343,7.494949494949495,6.848484848484849,3.6969696969696972,-0.050505050505050164,2.7777777777777777,2.6767676767676765,1.0606060606060606,2.6767676767676765,0.15151515151515138,-4.090909090909091,2.878787878787879,-1.0,3.454545454545454,-0.8181818181818181,0.7272727272727273,4.575757575757576,3.4646464646464645,2.505050505050505,-0.8282828282828283,0.38383838383838365,0.38383838383838365,1.0707070707070705,-0.303030303030303,2.2727272727272725,0.737373737373737,0.09090909090909083,-2.9797979797979797,-0.5555555555555554
-1.212121212121212,-1.393939393939394,-3.4545454545454546,-4.0,0.5454545454545459,-0.18181818181818166,1.5757575757575761,9.595959595959595,8.707070707070706,3.9393939393939394,7.090909090909091,-3.080808080808081,-1.7676767676767677,0.7575757575757578,-1.2626262626262625,-3.484848484848485,-3.080808080808081,1.1616161616161618,-4.494949494949495,0.09090909090909083,3.909090909090909,7.363636363636363,4.545454545454546,2.606060606060606,6.393939393939394,2.404040404040404,1.797979797979798,-1.9595959595959596,0.18181818181818166,0.7878787878787881,0.7878787878787881,-2.9797979797979797,1.2222222222222223,2.0303030303030303,-3.9494949494949494,-3.6262626262626263
-0.7272727272727271,-3.1515151515151514,-0.1212121212121211,-3.393939393939394,-3.5757575757575757,-2.909090909090909,-1.393939393939394,7.97979797979798,9.757575757575758,7.737373737373737,8.383838383838384,3.686868686868687,1.8686868686868685,3.383838383838384,2.6767676767676765,3.9898989898989896,-0.15151515151515138,2.474747474747475,1.262626262626263,3.545454545454546,4.636363636363637,-0.36363636363636365,6.7272727272727275,3.4141414141414144,6.747474747474747,2.707070707070707,-1.3131313131313131,-0.5858585858585859,-0.9090909090909092,-0.26262626262626254,0.38383838383838365,-3.0606060606060606,-1.0404040404040402,-3.0606060606060606,2.4343434343434343,-1.525252525252525
0.9696969696969697,-3.757575757575758,0.5454545454545459,-3.878787878787879,0.7878787878787881,-1.393939393939394,-1.7575757575757578,2.6464646464646466,2.0,6.282828282828283,9.353535353535353,-0.7575757575757578,-4.898989898989899,0.6565656565656566,-4.595959595959596,-2.272727272727273,0.050505050505050164,2.2727272727272725,0.45454545454545414,7.636363636363637,7.181818181818182,1.0909090909090908,4.181818181818182,3.0606060606060606,6.444444444444445,4.373737373737374,0.5050505050505052,-0.101010101010101,0.7474747474747474,1.1515151515151514,1.4343434343434343,-0.5555555555555554,2.353535353535354,-2.414141414141414,-1.2828282828282829,0.6565656565656566
0.4848484848484844,1.0303030303030303,-2.1818181818181817,0.9090909090909092,1.6969696969696972,-2.7272727272727275,0.1212121212121211,8.787878787878789,6.202020202020202,9.191919191919192,2.242424242424242,3.787878787878787,2.3737373737373737,1.0606060606060606,-2.7777777777777777,-2.7777777777777777,-2.878787878787879,3.1818181818181817,-2.7777777777777777,1.0909090909090908,4.909090909090909,5.0,6.636363636363637,2.1515151515151514,6.494949494949495,3.313131313131313,-0.5454545454545454,-0.06060606060606055,0.5454545454545454,0.26262626262626254,-0.18181818181818188,-1.121212121212121,2.1111111111111107,-2.2525252525252526,-4.757575757575758,0.8181818181818183
-0.18181818181818166,1.5151515151515156,0.06060606060606055,0.1212121212121211,-1.9393939393939394,-4.0,-2.5454545454545454,2.0,4.666666666666666,4.343434343434343,9.838383838383837,4.8989898989899,1.1616161616161618,0.5555555555555554,-3.080808080808081,-2.5757575757575757,2.070707070707071,-3.787878787878788,-2.3737373737373737,5.545454545454546,-0.09090909090909094,3.7272727272727275,7.636363636363637,6.191919191919192,4.828282828282829,4.3232323232323235,0.9494949494949494,1.1515151515151514,-0.6666666666666667,-0.9898989898989898,-1.4343434343434343,-1.525252525252525,-2.8181818181818183,-4.515151515151516,-1.9292929292929295,2.8383838383838382
0.1212121212121211,0.0,-3.6363636363636362,-2.5454545454545454,-3.1515151515151514,-1.878787878787879,-3.3333333333333335,6.848484848484849,8.383838383838384,5.878787878787879,2.6464646464646466,-2.1717171717171717,-4.595959595959596,3.787878787878787,2.575757575757576,1.0606060606060606,3.8888888888888893,-2.474747474747475,-1.4646464646464645,5.7272727272727275,0.0,6.2727272727272725,5.181818181818182,5.333333333333334,4.878787878787879,4.424242424242424,-1.8383838383838385,-1.878787878787879,-1.1515151515151514,0.6262626262626263,-0.9090909090909092,-4.838383838383838,-2.1717171717171717,-2.1717171717171717,1.9494949494949498,-0.15151515151515138
-3.2727272727272725,-2.484848484848485,-3.1515151515151514,-0.7878787878787881,1.8181818181818183,-0.5454545454545454,-1.272727272727273,8.222222222222221,3.212121212121212,4.909090909090909,4.505050505050505,-4.393939393939394,-2.5757575757575757,4.696969696969697,-2.5757575757575757,0.050505050505050164,-0.6565656565656566,-1.4646464646464645,-4.595959595959596,4.0,7.272727272727273,-0.6363636363636364,-0.2727272727272727,3.8181818181818183,5.03030303030303,4.222222222222222,-1.595959595959596,1.7575757575757578,0.3434343434343434,-0.4242424242424243,0.26262626262626254,-0.07070707070707094,-4.595959595959596,2.6767676767676765,-4.353535353535354,-2.2525252525252526
0.8484848484848486,-1.6969696969696968,-2.484848484848485,-0.2424242424242422,1.3939393939393936,-1.0303030303030303,1.5151515151515156,4.909090909090909,8.141414141414142,5.313131313131313,5.555555555555555,-3.9898989898989896,-1.4646464646464645,2.2727272727272725,-2.1717171717171717,0.7575757575757578,2.97979797979798,1.7676767676767673,-2.474747474747475,-0.9090909090909091,0.9090909090909092,1.8181818181818183,7.727272727272727,2.5555555555555554,2.909090909090909,2.808080808080808,1.1111111111111112,1.7171717171717171,0.8282828282828283,-0.505050505050505,-1.3535353535353534,-1.2828282828282829,0.2525252525252526,2.191919191919192,0.8989898989898988,-1.3636363636363638
-0.48484848484848486,-0.2424242424242422,-1.0303030303030303,-2.3636363636363633,-0.8484848484848486,-0.6666666666666665,-3.1515151515151514,9.515151515151516,10.0,7.97979797979798,9.595959595959595,4.292929292929292,-3.686868686868687,2.474747474747475,0.15151515151515138,2.070707070707071,-5.0,-1.9696969696969697,0.6565656565656566,4.181818181818182,2.090909090909091,0.5454545454545454,3.2727272727272725,3.515151515151515,4.373737373737374,5.5858585858585865,-1.393939393939394,0.7474747474747474,-1.878787878787879,-1.9191919191919191,-1.9595959595959596,-1.8484848484848486,1.3030303030303028,-0.6363636363636367,-4.515151515151516,0.9797979797979801
-1.6363636363636362,-0.606060606060606,-2.242424242424242,0.4848484848484844,0.0,1.8181818181818183,-3.5757575757575757,4.666666666666666,3.0505050505050506,7.898989898989899,9.191919191919192,-2.0707070707070705,0.5555555555555554,-2.9797979797979797,-0.6565656565656566,3.8888888888888893,3.686868686868687,0.5555555555555554,-0.5555555555555554,7.363636363636363,4.0,0.36363636363636354,3.909090909090909,6.848484848484849,3.1616161616161618,5.383838383838384,-1.2727272727272727,1.3535353535353534,-1.3535353535353534,-0.5858585858585859,0.6262626262626263,-4.757575757575758,-3.2222222222222223,-1.525252525252525,1.3030303030303028,2.9191919191919196
1.333333333333333,-2.0606060606060606,-2.3636363636363633,-1.0303030303030303,-3.757575757575758,0.5454545454545459,-2.3636363636363633,5.232323232323232,7.656565656565657,4.5858585858585865,8.787878787878789,-0.9595959595959593,4.494949494949495,2.7777777777777777,-4.696969696969697,-0.858585858585859,-3.686868686868687,3.282828282828282,-2.676767676767677,5.181818181818182,1.0909090909090908,-0.18181818181818177,1.8181818181818183,6.797979797979798,4.3232323232323235,5.636363636363637,0.8686868686868685,-1.0707070707070707,-1.191919191919192,-1.9595959595959596,-0.9898989898989898,-0.6363636363636367,-1.7676767676767677,-4.91919191919192,0.9797979797979801,3.0
-0.4242424242424243,0.4848484848484844,1.4545454545454541,1.5151515151515156,0.9090909090909092,-2.4242424242424243,0.7272727272727275,6.282828282828283,8.94949494949495,7.414141414141414,5.151515151515151,-0.858585858585859,-3.1818181818181817,3.686868686868687,-1.9696969696969697,1.1616161616161618,4.797979797979798,0.858585858585859,-1.6666666666666665,6.363636363636363,1.8181818181818183,2.1818181818181817,0.8181818181818181,6.141414141414141,3.5656565656565657,6.141414141414141,1.878787878787879,0.22222222222222232,-0.6262626262626263,1.676767676767677,0.5454545454545454,-4.91919191919192,-2.3333333333333335,-2.8181818181818183,-1.6868686868686869,-3.1414141414141414
-2.5454545454545454,-2.0,-2.8484848484848486,1.3939393939393936,-3.212121212121212,0.666666666666667,0.4848484848484844,6.444444444444445,6.444444444444445,9.757575757575758,8.545454545454547,1.9696969696969697,2.171717171717172,-1.3636363636363638,0.050505050505050164,-3.5858585858585856,-4.393939393939394,4.8989898989899,0.2525252525252526,0.2727272727272727,3.1818181818181817,2.909090909090909,1.9090909090909092,6.494949494949495,5.1313131313131315,5.484848484848484,0.7878787878787881,-0.4242424242424243,-0.5454545454545454,1.3131313131313131,1.5555555555555554,-0.31313131313131315,-5.0,-3.787878787878788,-2.5757575757575757,-4.595959595959596
-1.272727272727273,0.7272727272727275,-1.6363636363636362,-0.36363636363636376,-2.787878787878788,-3.757575757575758,-2.606060606060606,8.868686868686869,2.484848484848485,3.7777777777777777,3.7777777777777777,2.474747474747475,-1.0606060606060606,-1.4646464646464645,4.696969696969697,-0.7575757575757578,-4.696969696969697,-2.676767676767677,1.3636363636363633,8.0,4.2727272727272725,2.5454545454545454,-0.5454545454545454,4.979797979797979,6.898989898989899,2.3535353535353534,0.4242424242424243,0.4242424242424243,0.46464646464646453,-0.8282828282828283,1.9191919191919191,-3.3030303030303028,-1.202020202020202,0.2525252525252526,-2.494949494949495,-4.03030303030303
-3.9393939393939394,-0.7272727272727271,-0.7272727272727271,1.212121212121212,-0.06060606060606055,-0.1212121212121211,-1.6969696969696968,3.6969696969696972,4.424242424242424,9.272727272727273,3.1313131313131315,0.45454545454545414,1.262626262626263,-1.9696969696969697,-5.0,-1.7676767676767677,-3.484848484848485,0.15151515151515138,-0.858585858585859,2.0,2.5454545454545454,6.909090909090909,4.7272727272727275,7.0,3.2626262626262625,5.080808080808081,0.9898989898989901,1.9595959595959598,-1.9595959595959596,-1.0707070707070707,0.3030303030303032,1.8686868686868685,-3.0606060606060606,-1.7676767676767677,2.6767676767676765,1.3030303030303028
-2.1818181818181817,-4.0,0.9696969696969697,-1.3333333333333335,-1.1515151515151514,1.0909090909090908,1.2727272727272725,6.040404040404041,7.252525252525253,8.303030303030303,4.666666666666666,0.3535353535353538,-1.9696969696969697,-4.696969696969697,-4.393939393939394,4.8989898989899,1.5656565656565657,3.686868686868687,2.575757575757576,5.818181818181818,-1.0,1.9090909090909092,5.090909090909091,5.232323232323232,2.303030303030303,6.040404040404041,-0.9494949494949494,0.10101010101010122,-0.06060606060606055,0.7070707070707072,0.4242424242424243,-3.787878787878788,-0.2323232323232327,-4.838383838383838,0.6565656565656566,-3.7070707070707067
2.0,-2.787878787878788,1.878787878787879,1.6363636363636367,-1.0303030303030303,0.4848484848484844,0.9696969696969697,2.808080808080808,2.7272727272727275,2.242424242424242,3.8585858585858586,1.8686868686868685,-0.7575757575757578,1.9696969696969697,-3.282828282828283,1.666666666666667,-3.1818181818181817,-3.484848484848485,3.282828282828282,1.6363636363636362,0.8181818181818181,6.818181818181818,-0.9090909090909091,2.505050505050505,2.404040404040404,4.020202020202021,-0.06060606060606055,-1.2727272727272727,-0.8282828282828283,-0.3434343434343434,-1.393939393939394,1.9494949494949498,-3.787878787878788,-4.434343434343434,-3.5454545454545454,-1.606060606060606
-3.757575757575758,-1.212121212121212,2.0,-3.090909090909091,1.878787878787879,0.7272727272727275,-0.8484848484848486,3.5353535353535355,8.464646464646464,6.040404040404041,9.11111111111111,-0.45454545454545414,-4.191919191919192,-2.1717171717171717,4.191919191919192,0.5555555555555554,4.8989898989899,-4.696969696969697,-1.3636363636363638,2.5454545454545454,3.6363636363636367,3.8181818181818183,4.636363636363637,2.3535353535353534,2.1515151515151514,6.343434343434343,-0.9090909090909092,-0.22222222222222232,-1.1111111111111112,-0.101010101010101,0.3434343434343434,-4.2727272727272725,-2.090909090909091,2.1111111111111107,1.787878787878788,-2.494949494949495
-0.6666666666666665,-0.6666666666666665,-1.272727272727273,-3.696969696969697,-4.0,-2.3030303030303028,0.3636363636363633,7.333333333333333,2.080808080808081,7.090909090909091,4.424242424242424,-1.7676767676767677,-4.494949494949495,-1.5656565656565657,1.8686868686868685,2.474747474747475,-1.0606060606060606,0.050505050505050164,1.5656565656565657,-0.7272727272727273,7.727272727272727,1.5454545454545454,4.363636363636363,5.838383838383838,5.9393939393939394,3.9696969696969697,-1.5555555555555556,-0.9898989898989898,0.8686868686868685,0.8686868686868685,1.3535353535353534,0.41414141414141437,-1.8484848484848486,0.5757575757575761,0.2525252525252526,-1.202020202020202
-2.8484848484848486,0.8484848484848486,1.0909090909090908,1.4545454545454541,0.2424242424242422,1.5757575757575761,-0.5454545454545454,5.95959595959596,5.232323232323232,8.141414141414142,9.91919191919192,-3.1818181818181817,0.050505050505050164,3.5858585858585865,-2.474747474747475,-0.050505050505050164,3.0808080808080813,-2.878787878787879,3.383838383838384,3.3636363636363633,2.909090909090909,2.3636363636363638,5.545454545454546,6.090909090909091,4.070707070707071,6.747474747474747,1.191919191919192,-0.9090909090909092,1.474747474747475,0.7474747474747474,-1.1515151515151514,-4.434343434343434,2.757575757575758,0.8989898989898988,-1.202020202020202,-0.6363636363636367
-3.696969696969697,0.5454545454545459,-1.5151515151515151,-3.6363636363636362,-1.6969696969696968,0.30303030303030276,-2.8484848484848486,8.141414141414142,5.313131313131313,4.505050505050505,9.272727272727273,1.7676767676767673,-1.8686868686868685,3.0808080808080813,4.8989898989899,-1.3636363636363638,-2.7777777777777777,-0.5555555555555554,-3.9898989898989896,4.818181818181818,6.363636363636363,3.2727272727272725,1.1818181818181817,2.303030303030303,4.575757575757576,2.1515151515151514,1.676767676767677,1.2323232323232323,-0.7878787878787878,0.18181818181818166,-0.8282828282828283,-2.2525252525252526,-1.3636363636363638,-0.07070707070707094,-1.525252525252525,-2.090909090909091
-0.3030303030303032,-1.9393939393939394,-3.393939393939394,-2.606060606060606,-0.48484848484848486,-0.48484848484848486,-0.48484848484848486,9.353535353535353,2.6464646464646466,9.030303030303031,8.94949494949495,-2.9797979797979797,-0.6565656565656566,-0.5555555555555554,-3.383838383838384,-5.0,-0.7575757575757578,-3.1818181818181817,4.3939393939393945,5.454545454545454,7.454545454545455,7.0,2.909090909090909,4.222222222222222,4.626262626262626,2.9595959595959593,0.7474747474747474,0.9494949494949494,-1.2727272727272727,1.474747474747475,-1.6767676767676767,0.09090909090909083,0.8989898989898988,-4.03030303030303,-1.121212121212121,2.2727272727272725
-1.9393939393939394,1.4545454545454541,1.7575757575757578,-0.1212121212121211,-2.8484848484848486,-0.8484848484848486,-3.2727272727272725,9.191919191919192,5.151515151515151,9.353535353535353,7.171717171717172,-3.484848484848485,4.292929292929292,-3.383838383838384,-4.191919191919192,1.3636363636363633,-1.8686868686868685,4.292929292929292,4.292929292929292,-0.8181818181818181,5.636363636363637,6.090909090909091,2.5454545454545454,4.6767676767676765,2.101010101010101,6.94949494949495,1.5151515151515151,-1.393939393939394,-1.2323232323232323,0.38383838383838365,-0.6262626262626263,-3.4646464646464645,-1.4444444444444446,2.2727272727272725,-2.414141414141414,-0.8787878787878789
0.30303030303030276,-0.18181818181818166,1.1515151515151514,-3.3333333333333335,-1.6363636363636362,-0.9696969696969697,-0.7272727272727271,8.06060606060606,7.97979797979798,8.707070707070706,3.2929292929292933,2.070707070707071,1.7676767676767673,-4.292929292929293,0.2525252525252526,-1.8686868686868685,-2.9797979797979797,4.494949494949495,-3.484848484848485,1.727272727272727,7.545454545454545,3.090909090909091,-0.7272727272727273,4.171717171717171,4.121212121212121,7.0,0.3434343434343434,-1.5151515151515151,-0.303030303030303,0.5454545454545454,1.595959595959596,0.6565656565656566,-1.525252525252525,1.3030303030303028,-0.07070707070707094,-3.4646464646464645
-1.0303030303030303,0.2424242424242422,0.4848484848484844,0.30303030303030276,-1.212121212121212,-3.878787878787879,-2.4242424242424243,2.888888888888889,6.848484848484849,8.464646464646464,2.080808080808081,-1.0606060606060606,-2.9797979797979797,1.262626262626263,1.7676767676767673,-0.6565656565656566,3.4848484848484844,-1.6666666666666665,4.191919191919192,5.0,3.3636363636363633,4.2727272727272725,-0.09090909090909094,4.727272727272727,2.0,5.434343434343434,-0.303030303030303,-1.191919191919192,-1.6363636363636362,-0.707070707070707,1.8383838383838382,-0.8787878787878789,-3.5454545454545454,-2.7373737373737375,-3.6262626262626263,0.4949494949494948
-3.3333333333333335,-2.121212121212121,-2.9696969696969697,1.9393939393939394,-3.515151515151515,-2.606060606060606,0.7878787878787881,4.5858585858585865,2.5656565656565657,7.171717171717172,5.636363636363637,1.3636363636363633,-0.858585858585859,-5.0,-0.2525252525252526,2.7777777777777777,-4.898989898989899,-3.5858585858585856,3.1818181818181817,7.181818181818182,1.6363636363636362,5.545454545454546,1.3636363636363638,3.3636363636363633,2.202020202020202,3.4141414141414144,0.18181818181818166,0.7070707070707072,1.3535353535353534,-1.6767676767676767,0.020202020202020332,-2.1717171717171717,-3.3030303030303028,-2.090909090909091,-0.7171717171717171,2.757575757575758
1.0909090909090908,-3.2727272727272725,1.3939393939393936,-2.121212121212121,-0.36363636363636376,-3.1515151515151514,1.6363636363636367,9.676767676767676,5.717171717171717,5.636363636363637,9.434343434343434,1.1616161616161618,-1.3636363636363638,3.8888888888888893,-2.0707070707070705,3.1818181818181817,-2.5757575757575757,-0.9595959595959593,0.3535353535353538,1.3636363636363638,3.2727272727272725,0.7272727272727273,3.454545454545454,2.757575757575758,5.181818181818182,3.111111111111111,1.474747474747475,-0.38383838383838387,-1.4343434343434343,1.5151515151515151,0.7070707070707072,-4.191919191919192,2.4343434343434343,1.2222222222222223,0.010101010101010388,-2.9797979797979797
-0.2424242424242422,-0.1212121212121211,1.5757575757575761,-2.0606060606060606,-1.5151515151515151,-3.393939393939394,1.0909090909090908,5.555555555555555,3.9393939393939394,3.212121212121212,5.070707070707071,4.595959595959595,4.8989898989899,-1.7676767676767677,3.383838383838384,2.3737373737373737,-4.494949494949495,4.696969696969697,4.494949494949495,2.727272727272727,2.8181818181818183,4.454545454545454,0.2727272727272727,5.484848484848484,4.272727272727273,3.666666666666667,-0.14141414141414144,1.5151515151515151,-1.595959595959596,1.4343434343434343,-0.5454545454545454,-2.494949494949495,-3.1414141414141414,-1.2828282828282829,2.9191919191919196,-3.0606060606060606
-2.909090909090909,-2.8484848484848486,0.1212121212121211,-3.8181818181818183,0.1212121212121211,0.9090909090909092,0.5454545454545459,3.1313131313131315,5.555555555555555,7.656565656565657,3.5353535353535355,0.5555555555555554,1.5656565656565657,-0.7575757575757578,4.494949494949495,-1.0606060606060606,2.171717171717172,-1.1616161616161618,5.0,2.909090909090909,6.2727272727272725,2.090909090909091,2.4545454545454546,5.5353535353535355,3.9696969696969697,2.0505050505050506,1.9595959595959598,0.06060606060606055,-0.101010101010101,-1.5151515151515151,-1.9191919191919191,-0.7979797979797976,0.17171717171717216,1.0606060606060606,-0.8787878787878789,1.4646464646464645
1.9393939393939394,-1.6363636363636362,-2.909090909090909,-1.393939393939394,0.30303030303030276,1.2727272727272725,-0.1212121212121211,2.9696969696969697,6.929292929292929,7.333333333333333,9.030303030303031,1.666666666666667,3.8888888888888893,-3.9898989898989896,2.3737373737373737,3.0808080808080813,-3.5858585858585856,1.666666666666667,2.3737373737373737,2.1818181818181817,2.0,-0.7272727272727273,7.454545454545455,6.898989898989899,2.2525252525252526,6.646464646464646,-1.191919191919192,-1.4747474747474747,-0.9898989898989898,-0.9494949494949494,-0.5858585858585859,0.9797979797979801,1.5454545454545459,0.17171717171717216,-2.01010101010101,-1.4444444444444446
1.5151515151515156,-2.5454545454545454,-2.4242424242424243,0.7878787878787881,-1.272727272727273,0.0,-2.666666666666667,7.656565656565657,7.414141414141414,7.494949494949495,4.909090909090909,0.7575757575757578,2.2727272727272725,-0.3535353535353538,0.6565656565656566,4.595959595959595,-4.191919191919192,-4.494949494949495,-3.1818181818181817,3.1818181818181817,3.7272727272727275,7.818181818181818,7.909090909090908,2.8585858585858586,5.282828282828283,4.626262626262626,0.3030303030303032,-0.303030303030303,-0.26262626262626254,-0.5454545454545454,1.0707070707070705,1.7070707070707067,2.5151515151515156,-0.7979797979797976,0.4949494949494948,-2.6565656565656566
-2.3636363636363633,-3.212121212121212,-3.8181818181818183,-0.606060606060606,-0.2424242424242422,1.333333333333333,-2.0,4.101010101010101,9.434343434343434,3.4545454545454546,2.323232323232323,3.1818181818181817,-5.0,-3.888888888888889,2.7777777777777777,-2.676767676767677,2.3737373737373737,3.0808080808080813,-3.686868686868687,1.1818181818181817,6.7272727272727275,-0.4545454545454546,3.090909090909091,2.707070707070707,4.424242424242424,5.686868686868687,-0.7474747474747474,1.5555555555555554,-1.9191919191919191,-1.797979797979798,1.393939393939394,2.0303030303030303,-2.494949494949495,-1.6868686868686869,0.8181818181818183,-4.111111111111111
-1.0909090909090908,0.06060606060606055,1.9393939393939394,-1.212121212121212,-3.2727272727272725,-0.2424242424242422,-1.3333333333333335,3.7777777777777777,8.868686868686869,6.363636363636363,5.313131313131313,-4.090909090909091,3.0808080808080813,4.090909090909092,0.9595959595959593,-3.282828282828283,-4.090909090909091,0.7575757575757578,-3.080808080808081,0.0,4.454545454545454,3.454545454545454,3.1818181818181817,5.888888888888889,2.4545454545454546,2.2525252525252526,-0.22222222222222232,1.0303030303030303,-0.38383838383838387,-1.878787878787879,1.6363636363636362,2.1111111111111107,1.141414141414141,-3.6262626262626263,-0.5555555555555554,2.5151515151515156
-3.0303030303030303,0.7878787878787881,-0.9696969696969697,-2.1818181818181817,-2.606060606060606,1.1515151515151514,0.18181818181818166,2.080808080808081,5.878787878787879,4.262626262626263,7.333333333333333,2.2727272727272725,0.7575757575757578,-1.0606060606060606,-0.9595959595959593,-2.3737373737373737,2.878787878787879,-4.595959595959596,-1.0606060606060606,4.545454545454546,4.363636363636363,3.545454545454546,3.6363636363636367,6.747474747474747,2.505050505050505,5.787878787878788,0.6666666666666665,0.6262626262626263,0.4242424242424243,-0.18181818181818188,1.1111111111111112,2.6767676767676765,-3.383838383838384,2.5151515151515156,2.595959595959596,-3.787878787878788
-3.515151515151515,-3.393939393939394,-3.757575757575758,-1.7575757575757578,-1.3333333333333335,-3.9393939393939394,-0.06060606060606055,4.262626262626263,5.95959595959596,7.01010101010101,5.797979797979798,-1.2626262626262625,-4.292929292929293,-4.191919191919192,3.8888888888888893,3.383838383838384,0.5555555555555554,4.797979797979798,-0.3535353535353538,0.5454545454545454,5.0,1.1818181818181817,6.909090909090909,3.1616161616161618,6.343434343434343,4.171717171717171,1.393939393939394,-1.0303030303030303,-1.0303030303030303,-1.1111111111111112,-0.6666666666666667,-4.353535353535354,0.8181818181818183,-2.3333333333333335,-2.2525252525252526,2.1111111111111107
-3.878787878787879,1.7575757575757578,-2.787878787878788,0.6060606060606064,-0.7878787878787881,-3.6363636363636362,1.3939393939393936,4.828282828282829,6.121212121212121,2.888888888888889,6.686868686868687,-1.8686868686868685,-3.9898989898989896,-4.595959595959596,1.262626262626263,1.8686868686868685,1.0606060606060606,4.090909090909092,-2.1717171717171717,7.909090909090908,6.818181818181818,2.727272727272727,0.6363636363636365,2.404040404040404,6.94949494949495,5.888888888888889,-0.4242424242424243,1.474747474747475,-1.4747474747474747,-0.6666666666666667,0.8686868686868685,-3.6262626262626263,0.41414141414141437,-1.9292929292929295,-3.3030303030303028,0.09090909090909083
1.878787878787879,-0.06060606060606055,-2.606060606060606,-3.0303030303030303,-0.3030303030303032,-3.515151515151515,-3.757575757575758,7.494949494949495,7.171717171717172,4.747474747474747,7.737373737373737,0.2525252525252526,4.191919191919192,3.1818181818181817,-2.878787878787879,0.15151515151515138,4.696969696969697,1.5656565656565657,-1.9696969696969697,3.0,6.090909090909091,4.909090909090909,1.272727272727273,6.696969696969697,5.838383838383838,6.444444444444445,1.3131313131313131,1.878787878787879,1.0303030303030303,0.020202020202020332,-0.38383838383838387,1.141414141414141,-0.8787878787878789,-2.494949494949495,-4.595959595959596,-2.3333333333333335
-1.1515151515151514,0.30303030303030276,-0.06060606060606055,-1.6363636363636362,1.6363636363636367,-1.3333333333333335,-1.212121212121212,2.484848484848485,9.595959595959595,10.0,6.444444444444445,-4.191919191919192,-1.2626262626262625,1.3636363636363633,2.878787878787879,-3.787878787878788,3.383838383838384,3.9898989898989896,-3.5858585858585856,5.2727272727272725,5.545454545454546,3.3636363636363633,2.8181818181818183,5.181818181818182,6.191919191919192,2.6565656565656566,1.4343434343434343,-0.3434343434343434,0.020202020202020332,1.878787878787879,-0.06060606060606055,-3.2222222222222223,2.8383838383838382,-3.2222222222222223,1.8686868686868685,-1.121212121212121
-0.606060606060606,0.42424242424242387,-2.0,-2.0,-1.878787878787879,1.3939393939393936,1.0303030303030303,5.797979797979798,5.474747474747475,5.070707070707071,6.202020202020202,3.9898989898989896,4.3939393939393945,-0.45454545454545414,4.090909090909092,-1.9696969696969697,4.3939393939393945,3.787878787878787,2.474747474747475,6.545454545454546,1.727272727272727,4.545454545454546,6.090909090909091,6.94949494949495,4.777777777777778,3.0101010101010104,0.46464646464646453,0.18181818181818166,-0.14141414141414144,0.5858585858585861,-1.8383838383838385,2.8383838383838382,-3.7070707070707067,-2.9797979797979797,2.2727272727272725,1.5454545454545459
-3.090909090909091,-1.4545454545454546,-1.0909090909090908,-0.9090909090909092,-2.909090909090909,0.42424242424242387,1.1515151515151514,7.252525252525253,3.3737373737373737,4.020202020202021,4.101010101010101,3.4848484848484844,1.9696969696969697,1.8686868686868685,3.686868686868687,-0.5555555555555554,1.9696969696969697,-0.6565656565656566,0.050505050505050164,2.3636363636363638,-0.18181818181818177,0.8181818181818181,7.090909090909092,5.434343434343434,3.8686868686868685,4.878787878787879,-0.3434343434343434,1.393939393939394,1.595959595959596,-1.8383838383838385,1.9595959595959598,-3.8686868686868685,-2.5757575757575757,-5.0,0.09090909090909083,-1.9292929292929295
-1.878787878787879,0.666666666666667,-1.212121212121212,-0.6666666666666665,-0.7272727272727271,-2.0606060606060606,0.666666666666667,8.94949494949495,4.828282828282829,4.828282828282829,7.97979797979798,-0.2525252525252526,2.474747474747475,2.070707070707071,-0.3535353535353538,3.686868686868687,2.474747474747475,-1.5656565656565657,4.595959595959595,4.363636363636363,7.090909090909092,5.454545454545454,1.0909090909090908,2.4545454545454546,3.313131313131313,2.4545454545454546,-0.6666666666666667,-1.5555555555555556,0.14141414141414144,0.6666666666666665,0.9090909090909092,0.5757575757575761,-3.4646464646464645,-1.121212121212121,-3.7070707070707067,0.8989898989898988
-2.7272727272727275,-1.272727272727273,-2.3030303030303028,-2.8484848484848486,1.4545454545454541,-3.4545454545454546,-2.484848484848485,8.707070707070706,4.343434343434343,8.787878787878789,8.626262626262626,-0.3535353535353538,-3.080808080808081,0.45454545454545414,1.3636363636363633,4.090909090909092,1.8686868686868685,0.6565656565656566,-0.6565656565656566,1.0,4.181818181818182,1.6363636363636362,1.4545454545454546,6.595959595959596,4.979797979797979,4.6767676767676765,0.5858585858585861,1.9191919191919191,0.9898989898989901,1.1111111111111112,1.474747474747475,2.9191919191919196,-2.414141414141414,-3.383838383838384,0.41414141414141437,-3.5454545454545454
-3.6363636363636362,-3.5757575757575757,-2.666666666666667,-1.272727272727273,-1.393939393939394,-2.8484848484848486,0.2424242424242422,8.545454545454547,6.606060606060606,3.5353535353535355,5.878787878787879,3.383838383838384,-0.15151515151515138,0.3535353535353538,-4.292929292929293,2.2727272727272725,-2.272727272727273,1.4646464646464645,-3.383838383838384,1.272727272727273,1.1818181818181817,7.272727272727273,0.18181818181818188,4.121212121212121,2.6565656565656566,2.303030303030303,-1.7575757575757576,-0.26262626262626254,-0.18181818181818188,1.5555555555555554,-0.7878787878787878,-4.03030303030303,-2.2525252525252526,1.141414141414141,-4.191919191919192,-3.2222222222222223
0.0,-1.0909090909090908,1.6363636363636367,-0.7272727272727271,-2.3030303030303028,1.6969696969696972,-1.5757575757575757,2.1616161616161618,3.2929292929292933,8.626262626262626,7.575757575757576,2.97979797979798,-4.797979797979798,1.666666666666667,-4.797979797979798,4.494949494949495,1.7676767676767673,0.45454545454545414,-2.5757575757575757,6.818181818181818,2.6363636363636362,2.272727272727273,2.1818181818181817,2.202020202020202,5.080808080808081,2.202020202020202,-0.6262626262626263,0.3030303030303032,-0.707070707070707,-2.0,-1.0707070707070707,0.17171717171717216,0.6565656565656566,-4.6767676767676765,-4.434343434343434,-1.7676767676767677
-2.0606060606060606,-2.9696969696969697,0.18181818181818166,0.18181818181818166,1.212121212121212,-1.1515151515151514,-0.6666666666666665,8.383838383838384,4.747474747474747,6.767676767676767,5.232323232323232,-2.878787878787879,2.878787878787879,-3.282828282828283,2.97979797979798,-3.1818181818181817,-0.5555555555555554,-1.7676767676767677,1.9696969696969697,-0.2727272727272727,6.0,0.9090909090909092,6.363636363636363,5.98989898989899,6.090909090909091,6.898989898989899,-0.46464646464646475,-1.1515151515151514,1.393939393939394,0.3434343434343434,1.191919191919192,2.5151515151515156,1.0606060606060606,2.8383838383838382,-1.4444444444444446,-4.838383838383838
-0.36363636363636376,-0.3030303030303032,-3.5757575757575757,0.0,-2.242424242424242,-3.3333333333333335,0.06060606060606055,5.717171717171717,3.1313131313131315,2.1616161616161618,2.888888888888889,-4.595959595959596,-3.787878787878788,3.4848484848484844,3.787878787878787,-0.15151515151515138,-0.2525252525252526,-1.3636363636363638,0.5555555555555554,3.6363636363636367,2.727272727272727,7.636363636363637,6.454545454545454,3.7676767676767677,5.737373737373737,5.232323232323232,1.9191919191919191,-0.7474747474747474,-2.0,-0.38383838383838387,0.7474747474747474,-2.3333333333333335,-4.353535353535354,-3.5454545454545454,-3.787878787878788,1.141414141414141
-2.606060606060606,-2.7272727272727275,-1.7575757575757578,1.0303030303030303,-3.6363636363636362,-2.0,1.6969696969696972,3.4545454545454546,4.5858585858585865,8.545454545454547,6.848484848484849,1.4646464646464645,-2.272727272727273,4.8989898989899,-3.1818181818181817,1.262626262626263,1.262626262626263,-0.3535353535353538,-1.7676767676767677,-0.5454545454545454,0.09090909090909083,1.727272727272727,4.2727272727272725,4.525252525252525,2.0505050505050506,6.595959595959596,-0.18181818181818188,0.9090909090909092,1.1515151515151514,-1.2727272727272727,-1.7575757575757576,-1.9292929292929295,0.09090909090909083,-0.3939393939393936,1.7070707070707067,-4.353535353535354
-3.212121212121212,-0.8484848484848486,-0.606060606060606,1.878787878787879,-2.1818181818181817,-2.121212121212121,-1.4545454545454546,6.363636363636363,5.797979797979798,2.0,4.98989898989899,-5.0,2.575757575757576,3.9898989898989896,-2.3737373737373737,-1.1616161616161618,-3.787878787878788,-2.1717171717171717,-3.888888888888889,-0.36363636363636365,3.0,5.909090909090909,0.4545454545454546,5.787878787878788,4.474747474747475,6.696969696969697,-1.797979797979798,-1.797979797979798,1.6363636363636362,1.393939393939394,-1.2323232323232323,-2.8181818181818183,-2.6565656565656566,1.6262626262626263,1.0606060606060606,-2.01010101010101
0.5454545454545459,-3.878787878787879,-0.5454545454545454,-0.9696969696969697,0.42424242424242387,-1.8181818181818183,-2.9696969696969697,5.070707070707071,8.626262626262626,6.121212121212121,9.676767676767676,-1.4646464646464645,-2.0707070707070705,-0.15151515151515138,-3.686868686868687,-4.393939393939394,4.292929292929292,-2.272727272727273,-4.898989898989899,5.909090909090909,6.909090909090909,5.818181818181818,2.3636363636363638,4.070707070707071,5.98989898989899,5.98989898989899,1.7171717171717171,-0.5454545454545454,-1.0707070707070707,1.0303030303030303,-1.3131313131313131,0.8989898989898988,-1.121212121212121,-4.2727272727272725,-0.2323232323232327,-1.2828282828282829
-1.7575757575757578,-2.3030303030303028,-0.36363636363636376,-0.06060606060606055,-2.5454545454545454,-2.484848484848485,-0.2424242424242422,2.5656565656565657,6.040404040404041,8.868686868686869,9.515151515151516,-1.9696969696969697,-3.282828282828283,-4.898989898989899,0.7575757575757578,0.45454545454545414,2.6767676767676765,-5.0,-2.272727272727273,0.6363636363636365,7.0,6.0,7.0,5.9393939393939394,3.212121212121212,2.0,-0.707070707070707,1.0707070707070705,-1.5555555555555556,2.0,1.676767676767677,-2.5757575757575757,-4.515151515151516,-4.111111111111111,-0.6363636363636367,-1.6868686868686869
-0.5454545454545454,-3.515151515151515,1.212121212121212,-0.4242424242424243,-3.090909090909091,1.4545454545454541,1.7575757575757578,4.98989898989899,4.262626262626263,5.3939393939393945,7.494949494949495,0.15151515151515138,4.797979797979798,-3.080808080808081,-1.0606060606060606,3.787878787878787,3.5858585858585865,1.9696969696969697,2.070707070707071,2.8181818181818183,5.7272727272727275,2.8181818181818183,-0.36363636363636365,4.3232323232323235,3.3636363636363633,5.03030303030303,0.9090909090909092,-1.3131313131313131,0.9494949494949494,-0.46464646464646475,-0.22222222222222232,-4.515151515151516,-1.6868686868686869,3.0,-3.2222222222222223,1.787878787878788
1.6363636363636367,-3.6363636363636362,-2.7272727272727275,-1.8181818181818183,1.0909090909090908,-0.3030303030303032,-3.515151515151515,9.757575757575758,5.3939393939393945,5.555555555555555,3.9393939393939394,1.262626262626263,-0.45454545454545414,1.1616161616161618,3.9898989898989896,1.7676767676767673,-2.3737373737373737,3.383838383838384,2.2727272727272725,1.8181818181818183,1.9090909090909092,4.636363636363637,7.363636363636363,6.646464646464646,2.5555555555555554,5.838383838383838,1.3535353535353534,0.020202020202020332,0.3030303030303032,-1.393939393939394,-1.595959595959596,1.2222222222222223,2.2727272727272725,-2.6565656565656566,-0.31313131313131315,2.191919191919192
-0.1212121212121211,-0.36363636363636376,0.3636363636363633,-2.242424242424242,-0.9090909090909092,-1.6363636363636362,-0.9696969696969697,3.616161616161616,4.909090909090909,7.818181818181818,7.818181818181818,3.0808080808080813,0.858585858585859,-3.1818181818181817,-3.888888888888889,0.3535353535353538,-4.797979797979798,-3.383838383838384,3.4848484848484844,7.272727272727273,7.909090909090908,4.181818181818182,5.818181818181818,6.343434343434343,6.696969696969697,4.575757575757576,0.14141414141414144,1.595959595959596,1.1111111111111112,1.595959595959596,0.18181818181818166,2.353535353535354,-4.91919191919192,-4.595959595959596,2.191919191919192,0.5757575757575761
0.06060606060606055,-1.8181818181818183,1.2727272727272725,-1.1515151515151514,-2.121212121212121,-1.272727272727273,0.8484848484848486,7.414141414141414,9.353535353535353,3.0505050505050506,4.343434343434343,-1.6666666666666665,-3.484848484848485,-2.7777777777777777,-2.9797979797979797,5.0,-2.0707070707070705,5.0,-4.292929292929293,4.2727272727272725,3.8181818181818183,2.6363636363636362,3.7272727272727275,3.666666666666667,4.171717171717171,5.333333333333334,-0.9898989898989898,-1.8383838383838385,-0.7474747474747474,-1.6363636363636362,0.9898989898989901,3.0,-2.9797979797979797,-1.4444444444444446,0.17171717171717216,2.0303030303030303
-3.8181818181818183,2.0,-1.8181818181818183,1.2727272727272725,-0.4242424242424243,-1.212121212121212,-3.0303030303030303,8.626262626262626,4.101010101010101,6.444444444444445,7.898989898989899,2.171717171717172,0.3535353535353538,-2.0707070707070705,-1.3636363636363638,-4.494949494949495,2.2727272727272725,4.3939393939393945,1.4646464646464645,3.8181818181818183,7.818181818181818,7.181818181818182,5.0,4.373737373737374,7.0,3.3636363636363633,0.22222222222222232,-0.46464646464646475,-1.797979797979798,-1.4343434343434343,1.3131313131313131,0.2525252525252526,-2.7373737373737375,2.4343434343434343,-4.6767676767676765,-0.3939393939393936
-2.666666666666667,-2.3636363636363633,-0.9090909090909092,-0.3030303030303032,-2.9696969696969697,0.3636363636363633,0.9090909090909092,6.606060606060606,7.01010101010101,4.181818181818182,3.212121212121212,-4.898989898989899,2.97979797979798,0.858585858585859,1.4646464646464645,-0.45454545454545414,-1.7676767676767677,0.9595959595959593,4.090909090909092,6.7272727272727275,5.818181818181818,7.545454545454545,-0.8181818181818181,6.040404040404041,5.686868686868687,2.757575757575758,0.8282828282828283,0.5454545454545454,0.5050505050505052,0.06060606060606055,-0.8686868686868687,-1.0404040404040402,-0.07070707070707094,-0.4747474747474749,-0.3939393939393936,-5.0
-0.8484848484848486,1.6363636363636367,1.8181818181818183,1.6969696969696972,0.7272727272727275,0.2424242424242422,1.4545454545454541,7.898989898989899,9.515151515151516,9.838383838383837,8.222222222222221,1.5656565656565657,-0.9595959595959593,-2.272727272727273,-3.9898989898989896,2.575757575757576,0.45454545454545414,2.070707070707071,-3.282828282828283,4.090909090909091,0.5454545454545454,3.1818181818181817,-0.18181818181818177,3.919191919191919,2.8585858585858586,3.717171717171717,0.5454545454545454,-0.9494949494949494,-0.505050505050505,0.3030303030303032,-1.1111111111111112,-0.9595959595959593,1.9494949494949498,-3.9494949494949494,-4.2727272727272725,0.2525252525252526
-1.5757575757575757,-0.5454545454545454,-1.1515151515151514,0.2424242424242422,1.5757575757575761,0.8484848484848486,-2.0606060606060606,9.030303030303031,3.4545454545454546,5.797979797979798,6.606060606060606,-2.3737373737373737,0.2525252525252526,0.2525252525252526,-0.45454545454545414,4.191919191919192,-0.9595959595959593,0.3535353535353538,0.15151515151515138,0.9090909090909092,-0.8181818181818181,-1.0,1.0,2.2525252525252526,5.636363636363637,3.515151515151515,1.5555555555555554,-1.3535353535353534,0.06060606060606055,-1.7171717171717171,-1.797979797979798,1.3030303030303028,0.010101010101010388,-0.15151515151515138,-3.0606060606060606,-2.414141414141414
0.9090909090909092,-0.48484848484848486,-3.212121212121212,0.06060606060606055,0.8484848484848486,-3.5757575757575757,-0.36363636363636376,8.303030303030303,7.898989898989899,8.383838383838384,2.9696969696969697,-3.888888888888889,-4.696969696969697,2.171717171717172,-4.898989898989899,-0.2525252525252526,-3.282828282828283,2.7777777777777777,3.5858585858585865,0.4545454545454546,5.181818181818182,6.454545454545454,1.6363636363636362,2.9595959595959593,6.646464646464646,3.212121212121212,1.2323232323232323,1.3131313131313131,-0.3434343434343434,1.7575757575757578,-0.3434343434343434,-0.3939393939393936,-2.898989898989899,-1.3636363636363638,1.141414141414141,0.41414141414141437
1.8181818181818183,-1.1515151515151514,-0.2424242424242422,1.0909090909090908,0.9696969696969697,-2.3636363636363633,-3.878787878787879,6.767676767676767,8.06060606060606,6.202020202020202,6.282828282828283,2.6767676767676765,0.15151515151515138,2.97979797979798,-1.4646464646464645,-3.686868686868687,-4.292929292929293,3.8888888888888893,1.8686868686868685,1.9090909090909092,-0.9090909090909091,2.0,1.727272727272727,3.717171717171717,5.333333333333334,2.101010101010101,-0.8686868686868687,0.26262626262626254,1.797979797979798,-1.0303030303030303,-0.4242424242424243,0.8181818181818183,-4.757575757575758,-4.757575757575758,-4.111111111111111,-2.898989898989899
-2.4242424242424243,-1.0303030303030303,-1.5757575757575757,-1.6969696969696968,-0.9696969696969697,-3.090909090909091,2.0,3.0505050505050506,3.616161616161616,9.434343434343434,4.5858585858585865,2.575757575757576,2.6767676767676765,-0.9595959595959593,-1.8686868686868685,0.858585858585859,3.282828282828282,3.5858585858585865,-0.7575757575757578,3.7272727272727275,0.18181818181818188,1.0,5.2727272727272725,5.282828282828283,2.3535353535353534,6.393939393939394,-1.878787878787879,1.4343434343434343,0.9090909090909092,1.2323232323232323,-2.0,-0.15151515151515138,-0.7979797979797976,0.41414141414141437,-2.898989898989899,1.6262626262626263
-1.3333333333333335,-2.4242424242424243,-1.6969696969696968,-3.515151515151515,-1.7575757575757578,1.5151515151515156,-2.242424242424242,9.11111111111111,2.404040404040404,5.717171717171717,7.414141414141414,4.3939393939393945,-2.7777777777777777,4.595959595959595,-3.787878787878788,0.6565656565656566,-2.1717171717171717,-0.45454545454545414,4.8989898989899,7.545454545454545,4.090909090909091,4.090909090909091,6.2727272727272725,4.828282828282829,3.8181818181818183,2.5555555555555554,1.1515151515151514,0.6666666666666665,1.4343434343434343,1.191919191919192,0.6666666666666665,1.787878787878788,2.6767676767676765,-0.8787878787878789,1.2222222222222223,1.383838383838384
-0.9696969696969697,-3.3333333333333335,0.2424242424242422,-1.0909090909090908,-3.0303030303030303,-0.36363636363636376,1.9393939393939394,3.9393939393939394,9.838383838383837,4.666666666666666,6.363636363636363,1.0606060606060606,-1.1616161616161618,-2.5757575757575757,3.4848484848484844,3.5858585858585865,0.3535353535353538,-3.282828282828283,-0.15151515151515138,0.36363636363636354,-0.6363636363636364,4.363636363636363,8.0,3.313131313131313,5.232323232323232,6.242424242424242,2.0,-0.6262626262626263,-1.6767676767676767,-1.3535353535353534,0.46464646464646453,2.4343434343434343,-0.7171717171717171,-3.8686868686868685,2.353535353535354,-0.7171717171717171
0.666666666666667,-2.1818181818181817,-1.4545454545454546,-3.5757575757575757,-2.7272727272727275,0.18181818181818166,-3.4545454545454546,9.838383838383837,6.282828282828283,9.515151515151516,8.06060606060606,-1.3636363636363638,1.4646464646464645,3.282828282828282,1.9696969696969697,0.2525252525252526,-2.676767676767677,1.0606060606060606,3.8888888888888893,0.8181818181818181,2.1818181818181817,5.090909090909091,5.7272727272727275,4.626262626262626,5.787878787878788,5.181818181818182,0.7070707070707072,1.676767676767677,1.5151515151515151,-0.02020202020202011,-1.5151515151515151,-0.4747474747474749,-4.03030303030303,-4.191919191919192,1.4646464646464645,-4.2727272727272725
-1.6969696969696968,-0.7878787878787881,0.8484848484848486,-2.666666666666667,1.9393939393939394,0.1212121212121211,-0.9090909090909092,9.272727272727273,4.020202020202021,8.94949494949495,3.3737373737373737,-3.383838383838384,1.3636363636363633,-3.5858585858585856,4.3939393939393945,4.696969696969697,-0.3535353535353538,-3.686868686868687,-0.050505050505050164,2.090909090909091,1.5454545454545454,1.272727272727273,5.636363636363637,4.878787878787879,6.292929292929293,4.979797979797979,-1.0303030303030303,1.8383838383838382,-0.22222222222222232,-0.8686868686868687,1.7575757575757578,2.595959595959596,-4.838383838383838,1.4646464646464645,2.757575757575758,2.353535353535354
1.3939393939393936,-1.5757575757575757,-3.878787878787879,-2.7272727272727275,1.0303030303030303,-1.6969696969696968,-1.9393939393939394,4.505050505050505,7.575757575757576,9.91919191919192,6.121212121212121,-4.797979797979798,-0.5555555555555554,0.15151515151515138,5.0,-0.9595959595959593,-1.5656565656565657,-4.292929292929293,0.858585858585859,-0.18181818181818177,0.36363636363636354,6.7272727272727275,6.0,6.545454545454546,5.434343434343434,3.8181818181818183,-1.5151515151515151,-1.7171717171717171,-1.393939393939394,0.9898989898989901,1.2323232323232323,-0.2323232323232327,2.0303030303030303,-1.8484848484848486,2.1111111111111107,0.737373737373737
-1.5151515151515151,-3.4545454545454546,-0.3030303030303032,-0.5454545454545454,1.2727272727272725,-0.06060606060606055,-2.121212121212121,4.424242424242424,6.363636363636363,4.424242424242424,5.474747474747475,2.7777777777777777,-2.676767676767677,1.7676767676767673,4.595959595959595,-0.3535353535353538,3.1818181818181817,3.4848484848484844,2.171717171717172,2.6363636363636362,-0.2727272727272727,0.0,5.363636363636363,4.474747474747475,3.111111111111111,6.797979797979798,1.0707070707070705,-1.2323232323232323,0.6666666666666665,0.5050505050505052,-1.878787878787879,-1.7676767676767677,1.4646464646464645,-0.7171717171717171,-4.91919191919192,-2.7373737373737375
-1.4545454545454546,1.333333333333333,0.42424242424242387,1.333333333333333,-2.0,0.6060606060606064,-1.0909090909090908,9.434343434343434,9.030303030303031,2.808080808080808,5.717171717171717,0.050505050505050164,3.1818181818181817,-4.494949494949495,3.282828282828282,-4.898989898989899,0.7575757575757578,2.575757575757576,-0.45454545454545414,-0.4545454545454546,3.545454545454546,5.636363636363637,2.6363636363636362,2.101010101010101,2.757575757575758,6.292929292929293,-0.505050505050505,1.797979797979798,-1.7171717171717171,-1.595959595959596,-1.4747474747474747,-5.0,-4.2727272727272725,-3.1414141414141414,-0.7979797979797976,1.8686868686868685
1.0303030303030303,-2.666666666666667,0.9090909090909092,0.42424242424242387,-0.5454545454545454,-2.787878787878788,-3.8181818181818183,2.323232323232323,9.676767676767676,4.98989898989899,3.0505050505050506,-2.7777777777777777,-1.6666666666666665,4.3939393939393945,-3.5858585858585856,-1.5656565656565657,-3.383838383838384,-2.0707070707070705,-2.9797979797979797,6.2727272727272725,1.0,-0.9090909090909091,6.545454545454546,3.4646464646464645,5.888888888888889,4.828282828282829,0.38383838383838365,-1.6767676767676767,0.22222222222222232,-0.7474747474747474,1.0303030303030303,1.4646464646464645,0.9797979797979801,0.33333333333333304,2.5151515151515156,-4.191919191919192
0.2424242424242422,-3.090909090909091,-3.9393939393939394,-2.4242424242424243,0.06060606060606055,-0.7272727272727271,-3.393939393939394,5.151515151515151,3.5353535353535355,7.575757575757576,2.5656565656565657,2.878787878787879,1.0606060606060606,2.878787878787879,-2.272727272727273,4.797979797979798,-0.45454545454545414,-2.9797979797979797,1.7676767676767673,2.4545454545454546,4.7272727272727275,-0.09090909090909094,-1.0,2.0,6.848484848484849,2.8585858585858586,0.020202020202020332,-1.7575757575757576,0.5858585858585861,1.7171717171717171,-0.02020202020202011,-1.202020202020202,-2.01010101010101,0.8181818181818183,1.5454545454545459,-0.9595959595959593
-2.787878787878788,1.3939393939393936,-0.8484848484848486,-2.3030303030303028,-2.3636363636363633,-2.9696969696969697,-2.909090909090909,6.929292929292929,9.91919191919192,3.3737373737373737,6.929292929292929,5.0,3.4848484848484844,-0.050505050505050164,3.1818181818181817,-2.9797979797979797,-2.474747474747475,-1.8686868686868685,-4.393939393939394,5.363636363636363,7.363636363636363,7.909090909090908,4.818181818181818,3.5656565656565657,2.9595959595959593,3.0606060606060606,-1.0707070707070707,-0.707070707070707,-0.9494949494949494,-1.3131313131313131,0.06060606060606055,-4.595959595959596,-0.6363636363636367,0.737373737373737,-0.15151515151515138,2.6767676767676765
-3.393939393939394,-3.0303030303030303,-0.48484848484848486,-1.9393939393939394,-3.393939393939394,-2.666666666666667,0.6060606060606064,6.686868686868687,5.636363636363637,3.616161616161616,6.767676767676767,-3.5858585858585856,3.686868686868687,-2.3737373737373737,2.474747474747475,1.5656565656565657,-4.595959595959596,2.3737373737373737,-3.787878787878788,0.18181818181818188,2.4545454545454546,6.636363636363637,0.09090909090909083,5.080808080808081,4.727272727272727,4.777777777777778,-1.6767676767676767,0.5050505050505052,1.7575757575757578,0.9494949494949494,0.5050505050505052,-1.6868686868686869,-4.191919191919192,-1.202020202020202,2.0303030303030303,1.7070707070707067
-0.9090909090909092,1.9393939393939394,-1.9393939393939394,0.9696969696969697,-2.484848484848485,-3.8181818181818183,-1.878787878787879,7.737373737373737,7.333333333333333,6.525252525252525,8.303030303030303,-0.15151515151515138,-4.090909090909091,-1.8686868686868685,0.5555555555555554,3.4848484848484844,-0.858585858585859,2.97979797979798,4.797979797979798,4.909090909090909,5.909090909090909,8.0,3.0,2.0505050505050506,3.919191919191919,4.525252525252525,-1.2323232323232323,0.5858585858585861,1.676767676767677,1.9191919191919191,0.14141414141414144,1.6262626262626263,1.8686868686868685,-3.3030303030303028,-3.4646464646464645,-4.434343434343434
1.4545454545454541,1.2727272727272725,-2.5454545454545454,0.7272727272727275,1.7575757575757578,-0.4242424242424243,1.8181818181818183,5.474747474747475,6.686868686868687,5.232323232323232,3.616161616161616,-1.5656565656565657,-3.383838383838384,-1.1616161616161618,-1.6666666666666665,-4.797979797979798,1.666666666666667,1.3636363636363633,2.7777777777777777,6.0,3.090909090909091,-0.2727272727272727,5.909090909090909,5.636363636363637,4.020202020202021,5.9393939393939394,-1.1515151515151514,-0.02020202020202011,-1.8383838383838385,0.4242424242424243,1.797979797979798,0.4949494949494948,2.595959595959596,1.383838383838384,1.383838383838384,-1.0404040404040402
-2.121212121212121,1.878787878787879,-3.0303030303030303,0.666666666666667,-0.1212121212121211,-0.606060606060606,0.0,3.2929292929292933,7.737373737373737,3.2929292929292933,4.181818181818182,4.191919191919192,3.5858585858585865,4.494949494949495,2.2727272727272725,4.3939393939393945,0.858585858585859,2.6767676767676765,0.9595959595959593,7.090909090909092,6.636363636363637,0.18181818181818188,2.0,5.686868686868687,2.707070707070707,5.282828282828283,-1.4747474747474747,-1.6363636363636362,1.191919191919192,-0.7878787878787878,-1.7171717171717171,-1.606060606060606,0.33333333333333304,2.757575757575758,-2.3333333333333335,0.010101010101010388
1.212121212121212,-2.242424242424242,-3.696969696969697,-3.757575757575758,0.3636363636363633,-0.9090909090909092,-2.7272727272727275,7.575757575757576,4.98989898989899,9.595959595959595,8.464646464646464,0.6565656565656566,-3.888888888888889,1.5656565656565657,-0.7575757575757578,4.292929292929292,-1.2626262626262625,-2.5757575757575757,-1.1616161616161618,7.454545454545455,8.0,4.0,4.0,6.242424242424242,4.929292929292929,4.727272727272727,-0.101010101010101,0.14141414141414144,1.7171717171717171,0.14141414141414144,1.1515151515151514,-3.9494949494949494,-1.2828282828282829,-1.0404040404040402,-1.0404040404040402,0.17171717171717216
-2.242424242424242,1.212121212121212,0.7878787878787881,-2.909090909090909,-0.18181818181818166,-1.9393939393939394,-0.4242424242424243,5.878787878787879,4.181818181818182,3.8585858585858586,7.656565656565657,-2.474747474747475,-2.474747474747475,0.050505050505050164,0.858585858585859,-4.090909090909091,1.1616161616161618,4.595959595959595,-4.090909090909091,6.454545454545454,7.636363636363637,-0.5454545454545454,1.5454545454545454,4.272727272727273,3.0101010101010104,3.7676767676767677,-1.7171717171717171,-1.4343434343434343,-0.8686868686868687,1.3535353535353534,0.9494949494949494,-2.01010101010101,-0.4747474747474749,1.5454545454545459,-0.4747474747474749,-4.6767676767676765
1.6969696969696972,-1.878787878787879,0.7272727272727275,-2.787878787878788,0.18181818181818166,1.212121212121212,1.212121212121212,6.525252525252525,2.323232323232323,4.101010101010101,7.01010101010101,4.696969696969697,-2.3737373737373737,-4.393939393939394,3.0808080808080813,-3.9898989898989896,1.4646464646464645,-4.898989898989899,-4.696969696969697,3.2727272727272725,6.545454545454546,6.545454545454546,0.9090909090909092,4.777777777777778,3.515151515151515,5.1313131313131315,-1.9595959595959596,-0.14141414141414144,0.7070707070707072,0.46464646464646453,-0.14141414141414144,-1.4444444444444446,1.383838383838384,-2.898989898989899,-2.1717171717171717,1.9494949494949498
1.1515151515151514,-3.696969696969697,-1.878787878787879,-0.8484848484848486,1.5151515151515156,-3.212121212121212,-0.3030303030303032,8.464646464646464,9.11111111111111,2.9696969696969697,5.3939393939393945,-2.272727272727273,-0.050505050505050164,-1.2626262626262625,4.797979797979798,2.878787878787879,-1.6666666666666665,-4.393939393939394,-2.0707070707070705,3.909090909090909,5.2727272727272725,0.2727272727272727,6.818181818181818,5.5858585858585865,6.141414141414141,3.8686868686868685,-0.38383838383838387,1.272727272727273,-0.4242424242424243,0.8282828282828283,-1.5555555555555556,-4.6767676767676765,-4.434343434343434,-2.5757575757575757,-4.838383838383838,-1.8484848484848486
1.5757575757575761,-2.909090909090909,0.666666666666667,-1.4545454545454546,-3.8181818181818183,-0.7878787878787881,-3.090909090909091,7.01010101010101,9.191919191919192,3.1313131313131315,6.040404040404041,-0.6565656565656566,-3.5858585858585856,-2.676767676767677,0.3535353535353538,-1.4646464646464645,2.7777777777777777,-1.2626262626262625,-4.797979797979798,7.0,-0.5454545454545454,5.2727272727272725,4.909090909090909,3.212121212121212,2.606060606060606,6.191919191919192,-2.0,0.8282828282828283,-0.46464646464646475,-0.06060606060606055,0.22222222222222232,-3.7070707070707067,-0.9595959595959593,-4.353535353535354,-5.0,-0.2323232323232327
0.3636363636363633,-3.8181818181818183,0.6060606060606064,-3.9393939393939394,-1.4545454545454546,1.7575757575757578,-3.6363636363636362,4.747474747474747,4.505050505050505,5.151515151515151,10.0,-1.1616161616161618,3.9898989898989896,-4.090909090909091,-1.1616161616161618,-1.2626262626262625,-1.9696969696969697,-0.858585858585859,1.0606060606060606,-0.09090909090909094,-0.7272727272727273,6.363636363636363,7.272727272727273,4.424242424242424,3.616161616161616,3.5656565656565657,-1.6363636363636362,1.1111111111111112,0.10101010101010122,-0.6262626262626263,-1.191919191919192,1.5454545454545459,1.6262626262626263,2.595959595959596,-3.383838383838384,-3.9494949494949494
0.18181818181818166,1.8181818181818183,-0.4242424242424243,-1.878787878787879,-3.9393939393939394,-1.5151515151515151,0.42424242424242387,6.202020202020202,8.222222222222221,7.252525252525253,4.747474747474747,3.5858585858585865,4.696969696969697,-0.6565656565656566,1.666666666666667,0.9595959595959593,-1.4646464646464645,-4.797979797979798,-1.2626262626262625,6.090909090909091,5.090909090909091,4.818181818181818,0.0,5.1313131313131315,4.525252525252525,2.909090909090909,0.10101010101010122,-0.6666666666666667,1.3131313131313131,1.272727272727273,1.7171717171717171,2.191919191919192,-1.9292929292929295,-0.2323232323232327,-3.8686868686868685,2.4343434343434343
1.2727272727272725,0.9696969696969697,-3.090909090909091,-0.48484848484848486,-1.0909090909090908,0.7878787878787881,-2.1818181818181817,7.090909090909091,3.7777777777777777,2.323232323232323,4.020202020202021,-2.5757575757575757,0.9595959595959593,0.9595959595959593,-2.676767676767677,-2.878787878787879,0.9595959595959593,-3.888888888888889,3.686868686868687,-0.6363636363636364,0.2727272727272727,6.181818181818182,0.36363636363636354,2.808080808080808,6.040404040404041,4.121212121212121,-0.7878787878787878,-0.8282828282828283,-0.5858585858585859,1.797979797979798,1.878787878787879,1.0606060606060606,0.4949494949494948,1.9494949494949498,1.6262626262626263,-4.91919191919192
-2.484848484848485,0.6060606060606064,-0.7878787878787881,0.5454545454545459,-2.0606060606060606,-1.5757575757575757,-4.0,2.404040404040404,8.303030303030303,2.6464646464646466,9.757575757575758,4.797979797979798,0.45454545454545414,-3.787878787878788,1.1616161616161618,-4.191919191919192,4.595959595959595,-2.3737373737373737,-1.5656565656565657,1.4545454545454546,5.363636363636363,3.0,-0.6363636363636364,2.909090909090909,3.0606060606060606,4.929292929292929,1.6363636363636362,-1.595959595959596,-1.3131313131313131,1.9595959595959598,-0.9494949494949494,-2.090909090909091,-0.3939393939393936,-0.9595959595959593,-2.6565656565656566,-0.4747474747474749
0.42424242424242387,-0.9696969696969697,0.30303030303030276,-3.2727272727272725,-0.606060606060606,-3.696969696969697,-3.696969696969697,3.212121212121212,2.1616161616161618,6.606060606060606,6.525252525252525,-3.787878787878788,-0.2525252525252526,2.575757575757576,-0.858585858585859,-4.595959595959596,-1.1616161616161618,4.191919191919192,2.6767676767676765,7.727272727272727,1.4545454545454546,3.6363636363636367,0.5454545454545454,3.616161616161616,3.7676767676767677,3.616161616161616,0.06060606060606055,-0.7878787878787878,-1.7575757575757576,-0.9090909090909092,-1.6363636363636362,-2.6565656565656566,3.0,-0.5555555555555554,-3.1414141414141414,-3.3030303030303028
-2.0,-1.5151515151515151,-3.3333333333333335,-0.18181818181818166,-2.666666666666667,-1.4545454545454546,-1.8181818181818183,5.313131313131313,6.525252525252525,9.676767676767676,2.1616161616161618,-3.686868686868687,-4.393939393939394,-3.686868686868687,2.171717171717172,2.171717171717172,-1.3636363636363638,-0.050505050505050164,2.97979797979798,6.636363636363637,-0.4545454545454546,7.727272727272727,3.545454545454546,3.0101010101010104,6.242424242424242,5.737373737373737,1.272727272727273,-0.18181818181818188,2.0,-0.22222222222222232,-0.101010101010101,1.383838383838384,-0.31313131313131315,2.353535353535354,-2.8181818181818183,-0.07070707070707094
-0.7878787878787881,0.18181818181818166,1.0303030303030303,0.8484848484848486,-3.878787878787879,-2.5454545454545454,-1.0303030303030303,9.91919191919192,2.888888888888889,8.06060606060606,3.4545454545454546,-4.494949494949495,-1.5656565656565657,-0.2525252525252526,1.5656565656565657,-4.696969696969697,0.2525252525252526,-4.191919191919192,-4.191919191919192,6.909090909090909,5.454545454545454,2.4545454545454546,3.3636363636363633,2.6565656565656566,5.5858585858585865,6.494949494949495,-0.02020202020202011,-0.505050505050505,-1.5151515151515151,-1.191919191919192,-1.0303030303030303,-2.898989898989899,-3.8686868686868685,1.787878787878788,0.33333333333333304,1.0606060606060606
-0.32515155366685056,1.5563445746963396,-0.6357203281657045,-1.2131105602499508,-1.312926383211555,-0.9212869991287223,-3.4930991434731884,8.823479008639147,6.724088734460476,4.238451583624858,3.7126771966865144,2.6640956668967632,1.0116654232997924,4.235006943522187,1.553333733982134,0.05114415108911885,1.900323929593723,-4.000653479456715,-1.099921992496041,3.38437785558152,2.208327341535824,-0.16692269835272222,6.704467213972408,2.4600485624483324,2.1254709573281794,2.886416265055061,-1.2985856449350437,1.7666575290764102,-0.4317829855909583,-1.6652953769237948,-1.975819211308428,2.454627929986506,-0.920707342794584,-0.13991650601917804,-0.5278928892359032,-4.599141906386663
-0.5798232112694768,-3.9261981120292546,-1.036107283707584,1.489307658883959,-1.2728178020205965,-0.03544069853420373,-3.998016492809224,4.1740022664995164,9.86655463635875,8.071996396573265,5.212248950852609,-0.24389137384466242,4.4726329086999375,4.2393415726180255,1.974515693358894,-4.554641112132559,1.6862856623396532,-2.1322771534586504,2.113669793441627,2.250949027716612,3.1987886805275805,0.34883297796446056,6.881423259730539,6.676082609479721,6.145565712031952,2.796644447980872,1.8161841485336887,1.9629744444968886,0.27834163511938526,0.49179768393546697,0.3965291195671865,0.6142274999988908,-4.084017187983798,0.6787149330305482,-3.712225628935025,-4.492540990162235
-3.4376061731174623,-1.8102034943301186,1.9444829219149087,-1.0887940575416737,-3.046065875846214,0.05270039989344788,-3.644847305528223,2.054742151974912,9.527390631016688,9.063039824688268,8.939268491154436,0.7203551723977233,-4.066540545662685,-1.5726074852479668,-2.729489284302864,-4.30182897954904,-1.8736538286263804,-0.5253640261117383,-1.584897190284844,7.917355850065192,0.275742979558931,2.0938515018352897,0.9212418496492543,4.15582692748891,6.202197654346909,3.53537316311008,-1.4152552227264859,0.9180741416104827,-1.5405789774933218,-0.1590936279216124,1.1788610866691216,-1.9711703755872074,-2.4622369476892088,-4.203899590739004,-3.4723088070779706,-3.3481212654419643
1.2856088057285628,-0.569273224410789,0.8015446716804924,0.3568787048570661,-3.5884662408824974,1.8437881202867992,-0.0601409604728218,4.529864498455135,2.8548134711793214,2.375317039545849,8.83637341976964,-0.4095512139271795,-3.1883900345110128,-1.9185354391407006,2.0331602894911054,-4.1424220097923605,3.152149376923859,3.005706469241593,-1.789047139913802,5.919829112352791,3.4495001700797907,4.252282704733792,3.818565975975811,3.798563691054001,2.1685416666786215,6.546956284661374,-1.967183854905873,-0.7266722709016533,1.6557562875715752,0.8337177390676755,1.9728722895995197,-4.76676453774364,-1.8688795283613455,-3.886389274668524,-3.8718957988492324,-2.357315527879715
-1.4588416764035879,-0.9787720144920526,-2.5582986947998596,-1.0909953496632556,1.1661579943712406,-2.2911023021859824,-1.4674148002595597,2.9752446660745564,7.907052111328949,3.8635327635994408,6.987612449076069,2.091866237071466,-3.992055129412435,-4.183619436473497,-3.504378537332502,-0.9598118234659312,3.5534667525342876,3.864625927792254,0.08830687488917022,7.298665558039216,2.557482556067475,3.6348395474546766,-0.4666842793919971,2.9256907903135962,4.106417197469256,4.802332252894214,-1.278579282336831,1.0876199851045074,1.9538116097646854,0.5755019976084506,0.637218202563985,-0.06083739443074254,-3.3529438268094864,2.766834163463094,0.04625916381188144,1.2128607657752948
-3.66571602910852,1.139645683365825,-3.0087955618935736,-0.6193330553959013,-1.6365153467304063,-1.073076761745189,-3.503877496407604,7.1589107496559,4.808643460337302,4.524888144083063,4.167742360779461,4.500598334668934,-2.185950273801983,-1.5171012541889137,2.4520803278052226,-3.9436035783380574,1.2893326265883385,-4.817160539591676,0.5477648367103747,6.604689212263354,-0.9495742415108859,3.861588668214887,6.819537910393283,6.352584973299159,4.540420982623035,6.5785449662823945,0.6833177415274445,-0.8745461973125943,0.5873114144589606,-1.1678776404680402,-1.826137083199117,-0.1466873095620418,1.109142330077309,-4.383245785361635,1.0755169958717365,-2.7839333054830826
-2.562299923421927,-2.6748887014897758,1.571322017981731,-1.0526121217727482,-3.862792185928935,0.6643680785192991,-1.3956640213440625,5.027183324929925,4.687104980045461,9.683151690804873,4.744846804808223,3.4579919043958167,-1.0754569961564417,-4.834053704672065,4.466410273497701,2.449773019925212,-2.179668397072836,1.9972234593219094,-4.069447642218991,7.211962001913703,4.70502165095272,4.67534742326265,2.8433907264930687,5.45758225700931,5.828863915877317,5.630361914059382,0.5483656957002987,-0.8890079464130296,0.6594087946811551,1.771879851295234,-1.997368809612675,0.40544892888137873,-4.977099481069105,1.3821611473942177,2.6124904891472216,-1.9192437759454322
