x1,x2,x3,x4,x5,x6,x7,x8,x9
-1.9138276553106213,-2.1743486973947896,2.014028056112225,-4.659318637274549,-2.0741482965931866,2.875751503006012,-3.176352705410822,-1.8336673346693386,-2.2945891783567136
-0.8917835671342687,4.498997995991983,2.414829659318637,-2.0140280561122244,-4.799599198396794,-0.2304609218436875,-1.1322645290581161,4.258517034068136,-2.635270541082164
-2.8957915831663326,3.136272545090181,0.4108216432865728,-4.398797595190381,0.13026052104208397,3.2164328657314627,-2.3947895791583167,-2.4549098196392785,3.9979959919839683
-0.47094188376753543,-1.2925851703406814,-4.1783567134268536,2.8356713426853704,1.3927855711422845,-3.096192384769539,-0.15030060120240485,-3.356713426853707,3.5370741482965933
3.797595190380761,2.7354709418837677,-1.7334669338677355,4.8797595190380765,-2.2745490981963927,-2.5150300601202407,4.058116232464929,2.655310621242485,-2.9158316633266534
0.19038076152304573,-4.69939879759519,-2.49498997995992,-0.9118236472945895,2.254509018036072,-1.87374749498998,-1.0921843687374748,2.8156312625250504,-3.777555110220441
4.979959919839679,-3.096192384769539,-4.318637274549098,1.3727454909819636,1.052104208416834,2.3947895791583163,-2.1342685370741483,3.0360721442885765,0.811623246492986
0.591182364729459,1.4328657314629263,1.5731462925851707,-0.811623246492986,-4.679358717434869,-2.6953907815631264,-4.759519038076152,0.5110220440881763,3.637274549098196
-1.9539078156312626,-0.9519038076152304,-0.2304609218436875,-1.0721442885771544,-3.8577154308617234,0.29058116232464926,2.9759519038076157,-2.2945891783567136,-0.6112224448897798
1.733466933867735,2.0741482965931866,2.174348697394789,2.3146292585170345,-3.396793587174349,3.2765531062124253,-3.2965931863727453,1.032064128256513,-2.1142284569138274
-4.478957915831663,-3.2965931863727453,3.196392785571142,-1.152304609218437,1.3126252505010019,0.43086172344689366,-3.597194388777555,3.657314629258517,0.8316633266533069
3.7575150300601194,-0.6112224448897798,-4.4188376753507015,-1.5931863727454911,1.0921843687374748,1.292585170340681,-0.7715430861723451,-0.2705410821643284,-1.4929859719438876
-1.1122244488977957,-1.5130260521042085,-3.4769539078156315,-4.218436873747495,-3.5571142284569137,0.17034068136272573,4.739478957915832,3.6973947895791586,0.47094188376753543
-2.535070140280561,-1.8136272545090182,-4.238476953907815,1.713426853707415,-3.7575150300601203,-3.176352705410822,-4.438877755511022,1.2124248496993992,-2.4749498997995993
-2.6953907815631264,-2.995991983967936,-3.3166332665330662,-3.6973947895791586,-0.31062124248497014,3.7174348697394795,4.599198396793588,3.3166332665330653,4.599198396793588
-3.2965931863727453,3.637274549098196,2.0541082164328657,0.010020040080160442,-4.1783567134268536,3.9779559118236474,-0.5110220440881763,0.43086172344689366,2.2945891783567136
-1.973947895791583,2.7555110220440886,4.899799599198397,2.5551102204408815,-4.318637274549098,-2.6753507014028055,-4.939879759519038,-1.2925851703406814,2.7555110220440886
0.7515030060120242,4.098196392785571,-3.7575150300601203,-1.4328657314629258,-4.6392785571142285,4.258517034068136,-2.535070140280561,-0.15030060120240485,-1.152304609218437
0.11022044088176397,-4.659318637274549,-3.777555110220441,2.3346693386773545,-0.350701402805611,-0.2505010020040084,3.396793587174349,1.3326653306613228,-1.973947895791583
3.196392785571142,-1.1122244488977957,-1.9539078156312626,-4.679358717434869,-2.995991983967936,3.5170340681362724,-0.2705410821643284,3.597194388777556,-4.559118236472946
2.875751503006012,4.4188376753507015,1.2124248496993992,-2.755511022044088,3.4969939879759515,1.7735470941883769,2.7555110220440886,1.3527054108216436,3.597194388777556
0.6913827655310625,1.25250501002004,4.8797595190380765,0.3707414829659319,-3.837675350701403,2.8156312625250504,-4.799599198396794,-3.3366733466933867,0.010020040080160442
-3.937875751503006,0.7915831663326651,-3.376753507014028,-1.5130260521042085,0.6913827655310625,2.8557114228456912,2.695390781563126,-2.4749498997995993,-0.2705410821643284
-2.1142284569138274,-4.118236472945892,3.577154308617235,-0.2705410821643284,-0.19038076152304573,-4.919839679358717,0.9318637274549095,4.739478957915832,4.03807615230461
-1.3927855711422845,-4.839679358717435,-0.5711422845691381,-2.1543086172344688,0.5711422845691381,0.5711422845691381,4.358717434869739,-3.0761523046092183,1.2324649298597192
-2.094188376753507,4.859719438877756,1.0921843687374748,-2.835671342685371,4.118236472945892,3.617234468937875,1.3527054108216436,-3.617234468937876,-4.579158316633267
-1.1923847695390783,-2.8957915831663326,3.2364729458917836,2.9959919839679356,2.7555110220440886,4.559118236472946,2.1342685370741483,2.9559118236472948,0.13026052104208397
3.6773547094188377,2.675350701402806,-2.2945891783567136,-3.837675350701403,3.376753507014028,-4.839679358717435,-2.9559118236472948,4.959919839679358,3.2565130260521045
-2.2545090180360723,-0.15030060120240485,0.6513026052104207,-1.7935871743486973,5.0,-0.7515030060120242,4.679358717434869,2.1342685370741483,0.8717434869739478
2.9759519038076157,-3.657314629258517,2.5751503006012024,3.2364729458917836,-2.755511022044088,-2.2945891783567136,2.9959919839679356,4.07815631262525,-1.9539078156312626
-3.376753507014028,-1.0721442885771544,4.318637274549099,-4.519038076152305,4.458917835671343,-3.2164328657314627,4.69939879759519,-2.1342685370741483,-4.979959919839679
-1.87374749498998,4.839679358717435,2.895791583166333,0.5511022044088181,-1.8937875751503004,-4.69939879759519,-4.37875751503006,2.7354709418837677,2.254509018036072
3.637274549098196,-4.619238476953908,3.6973947895791586,-2.655310621242485,-1.5931863727454911,2.695390781563126,-1.2725450901803605,2.19438877755511,4.859719438877756
-2.9158316633266534,1.8537074148296595,3.9979959919839683,4.759519038076153,-3.0761523046092183,0.6913827655310625,-1.973947895791583,-4.198396793587174,-2.214428857715431
-2.434869739478958,-0.7715430861723451,-4.619238476953908,-2.2344689378757514,0.3707414829659319,-4.619238476953908,-3.5370741482965933,-1.7334669338677355,4.719438877755511
4.358717434869739,-4.478957915831663,2.454909819639279,1.0120240480961922,-3.2965931863727453,1.1923847695390783,4.318637274549099,3.7374749498998003,2.2745490981963927
4.8797595190380765,3.7775551102204403,0.6112224448897798,3.9979959919839683,-0.6112224448897798,-2.9559118236472948,-0.05010020040080132,-3.0160320641282565,-2.81563126252505
-0.8517034068136269,-3.496993987975952,-3.8577154308617234,1.0921843687374748,-2.1543086172344688,1.4529058116232463,1.6132264529058116,-2.374749498997996,1.3527054108216436
3.0561122244488974,-2.975951903807615,-2.835671342685371,-3.0360721442885774,-0.43086172344689366,0.7915831663326651,2.1142284569138274,4.058116232464929,-0.19038076152304573
-3.2364729458917836,-2.6152304609218437,-0.7715430861723451,-3.0160320641282565,-0.6312625250500998,3.4368737474949906,-3.9979959919839683,2.3146292585170345,1.4128256513026054
-2.755511022044088,4.959919839679358,3.5370741482965933,4.278557114228457,3.2164328657314627,-4.258517034068136,2.0741482965931866,4.4188376753507015,-3.2965931863727453
-4.739478957915832,-1.1322645290581161,-3.096192384769539,2.7955911823647295,4.6593186372745485,-4.6392785571142285,-0.8717434869739478,-1.5931863727454911,1.8737474949899804
4.719438877755511,-4.35871743486974,2.49498997995992,2.434869739478958,4.278557114228457,1.6933867735470942,-1.5931863727454911,-4.599198396793587,-1.4328657314629258
-3.617234468937876,-4.539078156312625,3.6773547094188377,0.811623246492986,-0.45090180360721455,4.37875751503006,-3.877755511022044,0.6913827655310625,0.5310621242484972
-2.875751503006012,0.9318637274549095,1.733466933867735,-4.8797595190380765,-4.599198396793587,-4.979959919839679,0.9519038076152304,3.7575150300601194,-2.8557114228456912
-2.2945891783567136,1.6132264529058116,-0.5110220440881763,4.1983967935871735,-4.118236472945892,-1.533066132264529,-1.1122244488977957,4.138276553106213,2.8557114228456912
-0.5310621242484972,-0.330661322645291,1.973947895791583,2.414829659318637,-1.8136272545090182,3.2965931863727462,-4.35871743486974,-3.2965931863727453,3.096192384769539
-3.176352705410822,-3.2364729458917836,-0.17034068136272573,-2.975951903807615,1.4729458917835672,2.254509018036072,3.2364729458917836,-0.030060120240481325,-4.498997995991984
1.0120240480961922,-2.094188376753507,1.292585170340681,0.9318637274549095,1.5731462925851707,-4.4188376753507015,3.4769539078156306,-4.939879759519038,-0.9719438877755513
0.2705410821643284,-0.31062124248497014,-4.559118236472946,3.8777555110220447,2.0941883767535074,4.03807615230461,-4.238476953907815,-4.458917835671342,-1.0120240480961922
4.519038076152304,-0.8517034068136269,1.4529058116232463,4.178356713426854,-4.559118236472946,2.154308617234469,0.29058116232464926,-2.995991983967936,1.1122244488977957
-2.3346693386773545,-0.8717434869739478,-1.1322645290581161,2.5350701402805615,-4.919839679358717,-1.7935871743486973,2.6152304609218433,-0.9719438877755513,-0.6312625250500998
-4.4188376753507015,-1.7134268537074147,-0.6112224448897798,-4.819639278557114,-0.8316633266533069,-4.298597194388778,3.6973947895791586,3.9378757515030056,0.6312625250500998
2.9959919839679356,3.9979959919839683,-3.937875751503006,-0.6312625250500998,-2.635270541082164,-3.777555110220441,-5.0,-1.1923847695390783,3.7575150300601194
1.5931863727454907,-3.8977955911823647,0.15030060120240485,-1.0921843687374748,1.8136272545090177,2.0741482965931866,-2.995991983967936,-4.318637274549098,-1.1122244488977957
2.454909819639279,2.5751503006012024,-0.19038076152304573,-2.5150300601202407,-4.539078156312625,-2.81563126252505,4.498997995991983,-1.152304609218437,4.478957915831664
-2.655310621242485,0.4909819639278554,1.2324649298597192,3.4769539078156306,-0.4108216432865728,4.138276553106213,-0.3707414829659319,4.8797595190380765,-3.13627254509018
1.8336673346693386,-0.5110220440881763,-1.4729458917835672,3.837675350701403,4.559118236472946,-4.959919839679359,3.3166332665330653,0.5310621242484972,0.9118236472945895
1.753507014028056,-2.835671342685371,-1.973947895791583,-5.0,3.4769539078156306,-1.0521042084168335,0.030060120240481325,-0.9519038076152304,0.6513026052104207
-2.81563126252505,-2.0140280561122244,-3.797595190380761,-3.4569138276553106,1.1322645290581166,3.196392785571142,-4.599198396793587,2.915831663326653,-3.2565130260521045
0.5310621242484972,4.8797595190380765,0.05010020040080132,-3.937875751503006,-3.4569138276553106,-3.1162324649298596,1.9338677354709422,-3.817635270541082,4.559118236472946
3.7775551102204403,3.557114228456914,1.25250501002004,-2.1743486973947896,4.599198396793588,0.8917835671342687,4.939879759519037,1.713426853707415,3.617234468937875
4.298597194388778,2.214428857715431,0.7915831663326651,4.69939879759519,2.875751503006012,1.973947895791583,4.338677354709418,-0.8316633266533069,2.8156312625250504
-3.8577154308617234,-4.098196392785571,1.1923847695390783,1.6933867735470942,3.9979959919839683,5.0,3.176352705410821,2.0941883767535074,0.7114228456913825
2.915831663326653,4.759519038076153,0.9919839679358722,-2.9559118236472948,2.174348697394789,-4.018036072144288,1.5731462925851707,2.3346693386773545,0.0701402805611222
2.5551102204408815,-4.679358717434869,0.7515030060120242,2.675350701402806,4.779559118236472,4.218436873747494,-1.7935871743486973,3.2164328657314627,-1.5531062124248498
-4.458917835671342,-0.09018036072144309,-1.5130260521042085,-0.29058116232464926,-1.87374749498998,-3.597194388777555,-3.937875751503006,-3.597194388777555,1.3927855711422845
0.010020040080160442,4.298597194388778,-3.4368737474949898,1.8537074148296595,2.3747494989979963,-3.9779559118236474,-2.8957915831663326,-0.19038076152304573,2.8356713426853704
1.072144288577154,0.8717434869739478,0.5110220440881763,-2.535070140280561,-2.2344689378757514,4.759519038076153,4.438877755511022,-1.0521042084168335,-2.0741482965931866
2.5150300601202407,2.1342685370741483,-2.3947895791583167,2.0741482965931866,-2.214428857715431,0.19038076152304573,0.2104208416833666,1.0120240480961922,-2.434869739478958
-0.9118236472945895,0.29058116232464926,1.753507014028056,-0.350701402805611,-3.056112224448898,4.058116232464929,-2.0140280561122244,-3.9178356713426856,3.5170340681362724
1.1523046092184366,0.2104208416833666,0.6913827655310625,3.657314629258517,-0.05010020040080132,4.118236472945892,-3.396793587174349,-4.098196392785571,4.579158316633267
2.0541082164328657,0.030060120240481325,-1.4529058116232463,4.539078156312625,-2.935871743486974,0.7314629258517034,-2.875751503006012,4.719438877755511,-0.9318637274549095
2.034068136272545,-0.6513026052104207,2.8356713426853704,0.2705410821643284,0.6112224448897798,0.2104208416833666,-0.2505010020040084,-0.05010020040080132,-4.398797595190381
-4.118236472945892,-2.6953907815631264,1.7935871743486977,-3.877755511022044,-1.993987975951904,2.3346693386773545,4.1983967935871735,2.214428857715431,-1.0721442885771544
2.675350701402806,1.9539078156312621,-2.8957915831663326,-4.278557114228457,0.7915831663326651,3.4569138276553097,1.6533066132264533,-2.7955911823647295,2.0941883767535074
0.13026052104208397,-3.937875751503006,3.096192384769539,0.6713426853707416,-4.519038076152305,-0.3907815631262528,-1.0120240480961922,-3.096192384769539,4.37875751503006
0.330661322645291,-2.755511022044088,4.178356713426854,4.218436873747494,-1.533066132264529,3.817635270541082,1.272545090180361,-1.6132264529058116,-1.2124248496993988
0.43086172344689366,-3.3366733466933867,-3.817635270541082,2.19438877755511,-3.6773547094188377,-4.37875751503006,1.072144288577154,-0.330661322645291,4.4188376753507015
-3.0761523046092183,-0.6312625250500998,2.6152304609218433,4.058116232464929,4.03807615230461,-0.6312625250500998,-1.8937875751503004,3.7174348697394795,4.839679358717435
2.7354709418837677,0.811623246492986,2.154308617234469,2.154308617234469,-0.7314629258517034,-1.9338677354709417,4.158316633266534,-4.218436873747495,-4.659318637274549
-3.7374749498997994,0.350701402805611,2.1342685370741483,4.899799599198397,0.7114228456913825,-2.5751503006012024,-4.979959919839679,-3.9579158316633265,-4.619238476953908
0.2104208416833666,0.31062124248497014,0.45090180360721455,-3.2565130260521045,3.0160320641282556,4.719438877755511,-3.6973947895791586,1.8336673346693386,0.2505010020040084
2.0741482965931866,-0.5711422845691381,0.11022044088176397,-3.8977955911823647,4.579158316633267,0.591182364729459,-3.817635270541082,-0.6112224448897798,-4.218436873747495
1.2124248496993992,-4.739478957915832,-1.8937875751503004,-4.559118236472946,-4.939879759519038,-1.6733466933867733,2.454909819639279,2.7755511022044086,-2.835671342685371
1.1322645290581166,-1.6332665330661325,-0.4909819639278554,2.034068136272545,2.635270541082164,4.799599198396793,-2.434869739478958,-3.837675350701403,-2.3346693386773545
-2.6753507014028055,2.7955911823647295,-4.398797595190381,3.897795591182364,-1.6332665330661325,-1.6132264529058116,-0.2304609218436875,0.591182364729459,-2.0140280561122244
1.6933867735470942,1.1523046092184366,-2.314629258517034,4.318637274549099,2.715430861723447,3.7374749498998003,3.617234468937875,3.837675350701403,2.9559118236472948
4.07815631262525,4.338677354709418,-2.094188376753507,4.298597194388778,-0.9118236472945895,4.6593186372745485,-1.5531062124248498,3.797595190380761,2.5751503006012024
3.356713426853707,2.19438877755511,5.0,2.0941883767535074,-4.278557114228457,0.350701402805611,-0.330661322645291,4.979959919839679,4.498997995991983
1.1723446893787575,-3.8577154308617234,4.6593186372745485,2.254509018036072,3.817635270541082,-0.9719438877755513,2.5951903807615233,3.2364729458917836,1.8336673346693386
-3.2164328657314627,0.6312625250500998,3.2164328657314627,3.9178356713426847,1.3527054108216436,2.0541082164328657,-1.5130260521042085,-3.7374749498997994,4.338677354709418
-4.679358717434869,4.438877755511022,-0.31062124248497014,-3.6372745490981964,-2.835671342685371,0.31062124248497014,3.096192384769539,-2.535070140280561,-0.8917835671342687
-2.715430861723447,-2.434869739478958,4.539078156312625,-1.4128256513026054,2.3947895791583163,2.915831663326653,-3.4368737474949898,2.6152304609218433,2.6152304609218433
4.739478957915832,-3.797595190380761,1.4729458917835672,-3.1162324649298596,0.5110220440881763,-3.496993987975952,-3.0360721442885774,-1.25250501002004,1.25250501002004
-1.0921843687374748,2.895791583166333,1.9539078156312621,4.739478957915832,4.639278557114228,0.3907815631262528,3.7775551102204403,0.9318637274549095,-4.35871743486974
-4.038076152304609,0.47094188376753543,-2.8557114228456912,2.895791583166333,-1.1723446893787575,3.3166332665330653,2.5350701402805615,-2.9158316633266534,-0.2104208416833666
4.338677354709418,-4.939879759519038,1.6132264529058116,2.635270541082164,3.9779559118236474,4.158316633266534,1.713426853707415,-3.3166332665330662,2.154308617234469
-2.6152304609218437,-2.7955911823647295,3.7575150300601194,-3.056112224448898,-0.2104208416833666,0.5110220440881763,4.719438877755511,1.8937875751503004,-2.414829659318637
-4.018036072144288,-3.597194388777555,-1.5531062124248498,-3.2364729458917836,0.010020040080160442,-2.4749498997995993,-4.959919839679359,3.5370741482965933,1.6533066132264533
3.376753507014028,-0.43086172344689366,1.513026052104208,1.1523046092184366,4.338677354709418,-4.8797595190380765,-2.5150300601202407,1.4729458917835672,1.0120240480961922
4.639278557114228,1.9138276553106213,-4.038076152304609,-1.1723446893787575,3.096192384769539,-1.3527054108216432,4.799599198396793,-0.9318637274549095,1.3126252505010019
-0.350701402805611,1.1723446893787575,3.0561122244488974,-3.396793587174349,-4.098196392785571,-3.7575150300601203,3.2965931863727462,2.7555110220440886,1.1723446893787575
2.0941883767535074,-4.959919839679359,2.8557114228456912,4.438877755511022,4.438877755511022,3.0761523046092183,1.292585170340681,-4.038076152304609,-0.591182364729459
3.2364729458917836,-1.653306613226453,0.3707414829659319,2.3747494989979963,3.196392785571142,-0.5310621242484972,-0.9919839679358722,-4.69939879759519,2.5350701402805615
3.817635270541082,-3.5170340681362724,-1.9338677354709417,-4.599198396793587,2.49498997995992,-2.3947895791583167,-0.45090180360721455,3.557114228456914,-1.5731462925851702
4.4188376753507015,-0.11022044088176397,-0.7515030060120242,-4.318637274549098,-1.7134268537074147,2.5350701402805615,2.034068136272545,-1.8937875751503004,3.557114228456914
0.7715430861723451,4.779559118236472,2.8156312625250504,-0.5310621242484972,0.9118236472945895,-4.779559118236473,-1.25250501002004,-0.9919839679358722,-1.87374749498998
-4.218436873747495,0.9919839679358722,0.6713426853707416,-3.577154308617234,-1.7735470941883769,4.358717434869739,-2.755511022044088,-4.018036072144288,1.9138276553106213
-4.859719438877756,-1.6733466933867733,0.8316633266533069,-0.3707414829659319,0.8917835671342687,4.478957915831664,2.895791583166333,4.779559118236472,2.655310621242485
4.278557114228457,-4.37875751503006,0.9118236472945895,1.993987975951904,-0.7515030060120242,4.69939879759519,2.5150300601202407,3.9579158316633265,-0.7715430861723451
-2.775551102204409,-4.07815631262525,4.839679358717435,-0.2304609218436875,-2.875751503006012,4.238476953907815,4.4188376753507015,2.2945891783567136,0.3707414829659319
-1.6933867735470942,-0.350701402805611,-2.81563126252505,-1.1122244488977957,-5.0,-1.2124248496993988,1.8336673346693386,-2.775551102204409,-1.6132264529058116
-2.8557114228456912,0.6513026052104207,1.9338677354709422,1.753507014028056,-1.0921843687374748,1.6332665330661325,-4.739478957915832,-2.7354709418837677,2.7955911823647295
2.3947895791583163,2.3747494989979963,-1.3927855711422845,0.350701402805611,3.7775551102204403,-3.4368737474949898,2.7354709418837677,2.715430861723447,1.7735470941883769
0.8717434869739478,2.8356713426853704,-2.935871743486974,3.176352705410821,1.713426853707415,3.5370741482965933,-0.6312625250500998,3.376753507014028,2.034068136272545
-0.6112224448897798,-1.993987975951904,0.330661322645291,-1.0521042084168335,-1.4128256513026054,-1.6332665330661325,-3.717434869739479,2.174348697394789,-4.458917835671342
-4.939879759519038,0.19038076152304573,-1.372745490981964,0.030060120240481325,-4.398797595190381,1.032064128256513,2.5551102204408815,2.5350701402805615,4.8797595190380765
-1.8537074148296595,-0.45090180360721455,3.136272545090181,-1.032064128256513,-2.3547094188376754,2.454909819639279,0.9118236472945895,1.733466933867735,-3.396793587174349
1.1923847695390783,0.010020040080160442,-1.3126252505010019,2.5951903807615233,3.336673346693386,1.6132264529058116,0.31062124248497014,-2.414829659318637,3.0160320641282556
-3.9979959919839683,-0.6713426853707416,0.2505010020040084,4.599198396793588,4.498997995991983,-5.0,-2.835671342685371,1.753507014028056,-1.3527054108216432
4.118236472945892,3.817635270541082,4.158316633266534,1.9539078156312621,-0.17034068136272573,-1.8537074148296595,-1.1923847695390783,1.973947895791583,-4.4188376753507015
0.5110220440881763,5.0,3.7374749498998003,3.196392785571142,2.5951903807615233,3.0160320641282556,-2.1142284569138274,2.695390781563126,-0.8316633266533069
0.9318637274549095,0.8316633266533069,2.0941883767535074,3.0360721442885765,4.1983967935871735,3.657314629258517,-1.533066132264529,-3.4168336673346693,3.2364729458917836
2.2945891783567136,0.5310621242484972,-3.1963927855711423,-1.87374749498998,-0.3907815631262528,1.0120240480961922,-4.6392785571142285,4.438877755511022,4.69939879759519
-1.653306613226453,-1.7334669338677355,-1.3326653306613228,4.979959919839679,3.6973947895791586,4.338677354709418,-3.4569138276553106,-3.8577154308617234,-2.995991983967936
-4.498997995991984,2.414829659318637,0.2104208416833666,3.11623246492986,3.9378757515030056,-4.859719438877756,4.639278557114228,-1.2324649298597192,-3.937875751503006
2.715430861723447,2.7755511022044086,-0.7114228456913825,-1.5531062124248498,3.0360721442885765,0.9118236472945895,-4.679358717434869,-4.238476953907815,1.492985971943888
-1.372745490981964,-4.458917835671342,0.8517034068136269,-4.018036072144288,-3.0360721442885774,4.939879759519037,2.0541082164328657,-3.1162324649298596,-1.2324649298597192
-0.2104208416833666,3.8777555110220447,-2.595190380761523,3.7575150300601194,0.17034068136272573,0.2705410821643284,2.214428857715431,0.2505010020040084,0.05010020040080132
-0.330661322645291,-2.2745490981963927,2.3346693386773545,-2.715430861723447,-1.032064128256513,-4.318637274549098,-1.0721442885771544,-0.47094188376753543,-1.9138276553106213
-4.839679358717435,-0.0701402805611222,-0.3907815631262528,-4.959919839679359,-3.0160320641282565,-0.6112224448897798,-1.3527054108216432,2.5150300601202407,-3.1963927855711423
1.8537074148296595,3.356713426853707,3.376753507014028,1.4328657314629263,1.733466933867735,-4.579158316633267,2.635270541082164,0.4108216432865728,0.45090180360721455
2.8557114228456912,4.539078156312625,-0.09018036072144309,2.6152304609218433,1.513026052104208,2.174348697394789,-2.935871743486974,2.9959919839679356,4.739478957915832
1.993987975951904,-2.9559118236472948,2.675350701402806,-1.3126252505010019,4.759519038076153,-1.5731462925851702,1.1122244488977957,3.0561122244488974,0.8517034068136269
-0.8717434869739478,3.11623246492986,1.3126252505010019,-0.5110220440881763,4.959919839679358,-3.6372745490981964,0.350701402805611,3.7775551102204403,2.915831663326653
0.0701402805611222,-0.591182364729459,4.859719438877756,0.2505010020040084,0.4909819639278554,2.2945891783567136,-1.4929859719438876,-1.9539078156312626,-0.2304609218436875
-3.496993987975952,-1.7735470941883769,0.9719438877755513,-2.0741482965931866,-0.5110220440881763,1.9338677354709422,3.6773547094188377,-2.9559118236472948,4.639278557114228
3.9178356713426847,-4.038076152304609,3.797595190380761,3.2765531062124253,1.6533066132264533,1.993987975951904,-4.8997995991983965,4.238476953907815,-3.0761523046092183
3.597194388777556,-1.9338677354709417,-4.37875751503006,0.3907815631262528,2.6152304609218433,0.13026052104208397,-4.4188376753507015,1.3126252505010019,2.695390781563126
1.7935871743486977,-0.2104208416833666,4.238476953907815,1.3927855711422845,3.617234468937875,-4.278557114228457,-1.9338677354709417,1.513026052104208,2.635270541082164
-4.659318637274549,1.3326653306613228,-3.577154308617234,0.0701402805611222,-1.9338677354709417,0.9519038076152304,1.753507014028056,2.1142284569138274,-4.959919839679359
4.458917835671343,2.3146292585170345,1.1122244488977957,2.1342685370741483,-4.759519038076152,-3.9178356713426856,0.11022044088176397,-0.2505010020040084,2.414829659318637
1.272545090180361,0.9719438877755513,0.7314629258517034,4.779559118236472,3.897795591182364,0.4909819639278554,0.15030060120240485,0.15030060120240485,0.4108216432865728
-1.7334669338677355,-4.979959919839679,-1.0921843687374748,-4.498997995991984,1.9338677354709422,3.156312625250502,1.0120240480961922,3.176352705410821,-0.9519038076152304
-1.6733466933867733,-4.138276553106213,0.47094188376753543,-0.9519038076152304,0.09018036072144309,-2.1142284569138274,2.2945891783567136,-0.9118236472945895,-0.5711422845691381
0.6312625250500998,2.9559118236472948,1.713426853707415,-4.919839679358717,0.05010020040080132,-0.6713426853707416,0.6713426853707416,3.0160320641282556,0.7915831663326651
-3.1162324649298596,-1.4529058116232463,1.8937875751503004,-0.8717434869739478,-1.25250501002004,-0.43086172344689366,3.2164328657314627,4.6192384769539085,0.2104208416833666
0.350701402805611,1.713426853707415,-2.0340681362725452,4.258517034068136,-2.1342685370741483,-3.717434869739479,3.897795591182364,-3.8977955911823647,-4.519038076152305
1.052104208416834,1.2124248496993992,-0.5511022044088181,-1.9338677354709417,0.7715430861723451,3.096192384769539,-0.2104208416833666,4.679358717434869,1.9539078156312621
-1.5531062124248498,1.4529058116232463,3.9178356713426847,-1.372745490981964,0.29058116232464926,-4.478957915831663,0.05010020040080132,1.6933867735470942,-3.5370741482965933
-0.2505010020040084,-0.7515030060120242,3.7174348697394795,0.2304609218436875,0.591182364729459,-1.1122244488977957,4.478957915831664,-3.9979959919839683,-4.298597194388778
-0.9318637274549095,2.434869739478958,1.492985971943888,0.6513026052104207,-4.498997995991984,2.234468937875752,-2.094188376753507,-4.478957915831663,-2.6152304609218437
-1.753507014028056,-3.4569138276553106,4.779559118236472,-3.9979959919839683,3.136272545090181,1.1122244488977957,-0.7515030060120242,0.7715430861723451,4.979959919839679
1.973947895791583,1.052104208416834,-0.0701402805611222,-4.839679358717435,1.5931863727454907,1.052104208416834,1.993987975951904,-4.398797595190381,3.2965931863727462
2.5350701402805615,0.591182364729459,-4.158316633266534,2.875751503006012,-2.9559118236472948,2.655310621242485,-3.8977955911823647,-0.7114228456913825,-3.1162324649298596
3.4769539078156306,4.138276553106213,-5.0,-2.434869739478958,3.597194388777556,-2.2344689378757514,4.779559118236472,2.234468937875752,0.19038076152304573
2.1342685370741483,1.513026052104208,4.458917835671343,2.1142284569138274,-4.8797595190380765,-3.3366733466933867,-1.372745490981964,0.09018036072144309,4.959919839679358
4.218436873747494,-4.258517034068136,-2.414829659318637,1.032064128256513,4.939879759519037,-1.7134268537074147,-1.4729458917835672,1.4128256513026054,-2.7354709418837677
-1.4128256513026054,-3.376753507014028,4.959919839679358,1.9338677354709422,-2.0541082164328657,1.2324649298597192,-1.753507014028056,3.617234468937875,-0.29058116232464926
1.3927855711422845,-0.030060120240481325,-1.7134268537074147,-2.935871743486974,4.719438877755511,-0.6913827655310625,1.0921843687374748,-2.555110220440882,3.156312625250502
0.9118236472945895,-1.2124248496993988,-2.6953907815631264,-0.2104208416833666,0.5511022044088181,-4.198396793587174,-4.278557114228457,3.2565130260521045,-4.018036072144288
-4.198396793587174,4.398797595190381,-3.0160320641282565,-2.0340681362725452,3.2364729458917836,3.176352705410821,3.336673346693386,4.278557114228457,1.292585170340681
-4.318637274549098,-1.0521042084168335,-0.8316633266533069,1.533066132264529,2.214428857715431,-2.314629258517034,-0.09018036072144309,0.6312625250500998,3.6973947895791586
-1.8136272545090182,-4.6392785571142285,-1.25250501002004,2.454909819639279,-1.3927855711422845,-0.4108216432865728,4.8797595190380765,-0.4909819639278554,3.336673346693386
-4.278557114228457,-3.13627254509018,1.1723446893787575,0.8316633266533069,4.819639278557114,2.0941883767535074,0.47094188376753543,-4.498997995991984,0.17034068136272573
-2.7354709418837677,4.1983967935871735,3.2765531062124253,-1.0120240480961922,3.11623246492986,-4.338677354709419,0.6312625250500998,0.19038076152304573,-1.3927855711422845
4.919839679358718,-2.3346693386773545,3.817635270541082,1.1122244488977957,3.4168336673346698,-0.17034068136272573,-1.4328657314629258,-0.0701402805611222,-0.5110220440881763
3.8777555110220447,3.5170340681362724,1.8737474949899804,-0.8917835671342687,2.8156312625250504,2.434869739478958,3.817635270541082,3.396793587174349,-3.717434869739479
-1.2324649298597192,3.897795591182364,4.739478957915832,0.8917835671342687,1.072144288577154,-3.8577154308617234,1.4729458917835672,2.3947895791583163,0.7314629258517034
-4.719438877755511,-3.3166332665330662,-1.7735470941883769,0.15030060120240485,2.7755511022044086,3.6973947895791586,4.098196392785571,-0.8717434869739478,-0.9919839679358722
-3.6773547094188377,-4.719438877755511,-2.3547094188376754,0.5310621242484972,-3.9178356713426856,0.030060120240481325,-3.0761523046092183,0.2104208416833666,3.857715430861724
0.2304609218436875,-2.4749498997995993,0.9318637274549095,1.6132264529058116,1.1923847695390783,0.9318637274549095,-3.2364729458917836,-0.6312625250500998,-3.8977955911823647
-0.31062124248497014,4.939879759519037,1.052104208416834,-3.4168336673346693,1.4529058116232463,-3.937875751503006,-2.7955911823647295,3.336673346693386,-2.1342685370741483
-4.338677354709419,-2.314629258517034,4.478957915831664,-0.13026052104208397,-2.715430861723447,-2.7955911823647295,1.7935871743486977,0.3907815631262528,1.6132264529058116
1.292585170340681,0.11022044088176397,1.072144288577154,4.158316633266534,-3.356713426853707,3.376753507014028,-0.6913827655310625,-4.258517034068136,0.43086172344689366
-2.975951903807615,3.5370741482965933,-4.779559118236473,1.1723446893787575,2.3547094188376754,-1.653306613226453,-3.496993987975952,-3.5571142284569137,-0.11022044088176397
0.811623246492986,-0.47094188376753543,-3.9979959919839683,-2.1342685370741483,3.176352705410821,3.0360721442885765,-0.8517034068136269,3.637274549098196,-2.655310621242485
3.4368737474949906,4.07815631262525,-0.5310621242484972,-3.276553106212425,2.234468937875752,0.330661322645291,4.859719438877756,2.5551102204408815,0.330661322645291
-0.7114228456913825,2.3547094188376754,-0.11022044088176397,0.7314629258517034,3.2565130260521045,-0.7715430861723451,-4.318637274549098,-4.739478957915832,4.07815631262525
-1.152304609218437,-4.238476953907815,-4.859719438877756,-3.176352705410822,-3.2164328657314627,2.034068136272545,-1.5731462925851702,-3.0360721442885774,2.174348697394789
1.9338677354709422,-1.2725450901803605,4.4188376753507015,1.8937875751503004,-1.653306613226453,4.278557114228457,-0.19038076152304573,2.0541082164328657,2.3346693386773545
3.557114228456914,1.5931863727454907,4.298597194388778,-3.096192384769539,-1.0120240480961922,-4.519038076152305,3.0561122244488974,-0.7314629258517034,-3.2164328657314627
1.5731462925851707,1.9338677354709422,2.2745490981963927,-2.314629258517034,4.679358717434869,-4.098196392785571,-4.338677354709419,1.0921843687374748,-3.496993987975952
-3.6372745490981964,-3.577154308617234,0.4909819639278554,-2.19438877755511,-0.591182364729459,-1.5931863727454911,-0.010020040080160442,1.6132264529058116,-2.5150300601202407
2.5951903807615233,1.7735470941883769,3.857715430861724,2.014028056112225,1.5531062124248498,3.8777555110220447,-3.276553106212425,0.5711422845691381,-2.19438877755511
-4.07815631262525,-4.1783567134268536,-1.4328657314629258,-3.5571142284569137,3.8777555110220447,-0.13026052104208397,-1.1723446893787575,-1.533066132264529,1.5931863727454907
2.9559118236472948,-1.1923847695390783,1.9138276553106213,-3.3166332665330662,-0.6513026052104207,-0.5511022044088181,4.759519038076153,-3.176352705410822,1.6332665330661325
-3.396793587174349,-3.4368737474949898,0.7715430861723451,1.2324649298597192,4.058116232464929,-4.138276553106213,-3.9178356713426856,0.11022044088176397,-0.5511022044088181
-3.6973947895791586,-1.4328657314629258,0.8917835671342687,-4.4188376753507015,1.4128256513026054,-4.238476953907815,-2.2545090180360723,-0.2104208416833666,4.519038076152304
-1.7735470941883769,-3.5571142284569137,-3.356713426853707,-2.775551102204409,2.895791583166333,1.25250501002004,4.278557114228457,-0.2304609218436875,4.098196392785571
-0.15030060120240485,-4.859719438877756,-2.7955911823647295,0.19038076152304573,-3.9979959919839683,3.9378757515030056,1.3326653306613228,-1.9338677354709417,-2.2745490981963927
2.635270541082164,-2.1543086172344688,3.837675350701403,-4.138276553106213,0.7515030060120242,4.859719438877756,-1.8537074148296595,4.458917835671343,0.7715430861723451
-4.298597194388778,-2.2545090180360723,-4.979959919839679,-3.797595190380761,1.2124248496993992,1.9539078156312621,3.2565130260521045,-4.118236472945892,-0.030060120240481325
4.098196392785571,1.5731462925851707,2.915831663326653,-0.030060120240481325,2.5751503006012024,3.4969939879759515,0.8917835671342687,0.350701402805611,-3.3166332665330662
4.03807615230461,3.6973947895791586,-3.7374749498997994,-0.31062124248497014,-1.6132264529058116,-2.0140280561122244,-1.6332665330661325,0.05010020040080132,-3.597194388777555
1.713426853707415,-3.9779559118236474,-0.330661322645291,3.5170340681362724,2.434869739478958,2.8356713426853704,2.2745490981963927,1.292585170340681,-2.5751503006012024
-1.1723446893787575,3.657314629258517,4.338677354709418,-4.118236472945892,-0.8717434869739478,1.513026052104208,0.7114228456913825,-3.797595190380761,-1.6933867735470942
-2.5150300601202407,-2.0541082164328657,3.176352705410821,-2.0541082164328657,-1.5731462925851702,3.356713426853707,-4.559118236472946,0.8917835671342687,0.09018036072144309
3.336673346693386,4.058116232464929,3.5170340681362724,3.617234468937875,-1.1122244488977957,4.819639278557114,-2.6953907815631264,1.25250501002004,4.278557114228457
0.7915831663326651,-1.973947895791583,-1.4128256513026054,-0.6913827655310625,-1.4328657314629258,-0.5711422845691381,-3.3166332665330662,-4.35871743486974,-3.577154308617234
-3.817635270541082,-4.158316633266534,3.9579158316633265,-4.579158316633267,-2.535070140280561,1.7935871743486977,0.4909819639278554,-3.5370741482965933,-2.1743486973947896
0.29058116232464926,4.37875751503006,-0.29058116232464926,-0.7515030060120242,2.8557114228456912,-1.8136272545090182,3.156312625250502,3.857715430861724,1.4729458917835672
-1.993987975951904,1.6733466933867733,-0.9719438877755513,-1.4929859719438876,4.258517034068136,-1.5130260521042085,-2.595190380761523,1.8136272545090177,-1.1723446893787575
-1.7935871743486973,-3.617234468937876,-1.87374749498998,-1.8537074148296595,-1.3126252505010019,4.779559118236472,-1.653306613226453,-2.2745490981963927,2.875751503006012
4.178356713426854,-0.3907815631262528,3.597194388777556,0.05010020040080132,2.3346693386773545,4.1983967935871735,1.5931863727454907,-4.519038076152305,-1.7935871743486973
0.7114228456913825,-1.8537074148296595,4.1983967935871735,0.5711422845691381,-4.238476953907815,2.014028056112225,-1.8136272545090182,4.69939879759519,-4.338677354709419
1.1122244488977957,-0.4909819639278554,-3.617234468937876,4.559118236472946,0.9919839679358722,0.6713426853707416,-4.8797595190380765,2.2745490981963927,-3.877755511022044
-0.7715430861723451,0.05010020040080132,4.118236472945892,-4.438877755511022,-3.2565130260521045,1.5931863727454907,2.915831663326653,2.8356713426853704,2.19438877755511
-0.5711422845691381,3.2965931863727462,3.557114228456914,1.3527054108216436,3.7174348697394795,0.811623246492986,4.138276553106213,4.579158316633267,0.6713426853707416
3.9779559118236474,4.6593186372745485,-3.877755511022044,-4.338677354709419,3.857715430861724,-2.995991983967936,-1.8336673346693386,-1.2124248496993988,-1.5130260521042085
-0.05010020040080132,-1.6933867735470942,3.9779559118236474,3.9579158316633265,-1.1322645290581161,-4.498997995991984,-4.258517034068136,4.338677354709418,1.5731462925851707
-0.8316633266533069,-5.0,2.9759519038076157,-0.05010020040080132,2.0541082164328657,-1.8937875751503004,4.559118236472946,2.474949899799599,-4.679358717434869
2.49498997995992,-3.4769539078156315,-2.7354709418837677,-2.3947895791583167,4.318637274549099,-4.679358717434869,1.3927855711422845,-1.4328657314629258,3.196392785571142
-2.935871743486974,-3.777555110220441,0.31062124248497014,-2.9158316633266534,3.797595190380761,3.857715430861724,-1.0521042084168335,-0.29058116232464926,-1.4529058116232463
2.414829659318637,-0.2705410821643284,-3.2965931863727453,-1.653306613226453,-0.0701402805611222,-3.6973947895791586,4.458917835671343,4.358717434869739,-1.8537074148296595
-0.13026052104208397,-3.9579158316633265,3.0360721442885765,0.9919839679358722,1.272545090180361,-2.755511022044088,-0.13026052104208397,-3.4368737474949898,-2.374749498997996
-3.9579158316633265,2.3346693386773545,-0.3707414829659319,3.0160320641282556,4.178356713426854,-3.2565130260521045,0.811623246492986,-2.3346693386773545,-2.6953907815631264
-0.19038076152304573,0.7515030060120242,-3.9579158316633265,-2.8557114228456912,-3.777555110220441,3.4168336673346698,4.919839679358718,-4.4188376753507015,-0.09018036072144309
-2.7955911823647295,-0.05010020040080132,-1.2925851703406814,1.6332665330661325,0.6312625250500998,3.0561122244488974,-0.4909819639278554,-1.3126252505010019,4.6593186372745485
4.899799599198397,1.1122244488977957,0.2304609218436875,-4.619238476953908,-2.8957915831663326,0.6312625250500998,0.4108216432865728,4.539078156312625,3.4368737474949906
-3.0360721442885774,-3.6773547094188377,-3.5571142284569137,-2.094188376753507,-0.9519038076152304,1.753507014028056,-4.298597194388778,-2.595190380761523,-1.8336673346693386
2.1142284569138274,-2.555110220440882,3.4168336673346698,1.513026052104208,0.9719438877755513,1.3727454909819636,-4.1783567134268536,-1.753507014028056,4.1983967935871735
-2.1743486973947896,-3.9178356713426856,-1.9138276553106213,-3.9178356713426856,-1.8336673346693386,-0.010020040080160442,-0.31062124248497014,-4.07815631262525,1.2124248496993992
-3.4769539078156315,1.492985971943888,-0.43086172344689366,-3.657314629258517,0.2104208416833666,2.635270541082164,2.0941883767535074,-4.298597194388778,-3.356713426853707
3.9378757515030056,2.6152304609218433,-2.6152304609218437,-2.2545090180360723,3.5170340681362724,-1.7334669338677355,-4.038076152304609,3.8777555110220447,1.5531062124248498
0.6112224448897798,4.218436873747494,4.639278557114228,1.272545090180361,1.8537074148296595,2.675350701402806,0.2705410821643284,4.498997995991983,-3.4769539078156315
-3.056112224448898,-0.2505010020040084,0.7114228456913825,-2.635270541082164,0.15030060120240485,0.5310621242484972,-1.2324649298597192,-4.659318637274549,4.759519038076153
-1.6132264529058116,0.6112224448897798,-4.799599198396794,-2.7354709418837677,-2.7955911823647295,-1.25250501002004,1.1923847695390783,-0.8917835671342687,2.014028056112225
2.234468937875752,-2.2344689378757514,1.6933867735470942,4.498997995991983,-0.8517034068136269,-1.372745490981964,0.7715430861723451,-0.350701402805611,-0.0701402805611222
0.2505010020040084,4.6192384769539085,2.434869739478958,-3.617234468937876,2.2745490981963927,-2.535070140280561,3.857715430861724,-2.935871743486974,-0.7515030060120242
3.7374749498998003,0.5511022044088181,3.0160320641282556,2.5751503006012024,2.675350701402806,-0.45090180360721455,4.258517034068136,0.010020040080160442,4.939879759519037
2.935871743486974,-2.6753507014028055,-3.6973947895791586,-3.717434869739479,-0.6913827655310625,1.1322645290581166,3.557114228456914,1.2324649298597192,4.919839679358718
0.09018036072144309,3.396793587174349,-3.156312625250501,1.6733466933867733,-1.2124248496993988,3.9579158316633265,2.3346693386773545,1.1122244488977957,-1.0921843687374748
2.014028056112225,1.6533066132264533,-2.4749498997995993,-2.374749498997996,-0.010020040080160442,-1.4929859719438876,-3.1963927855711423,4.599198396793588,0.6112224448897798
-4.919839679358717,-1.0921843687374748,-2.995991983967936,-0.09018036072144309,-3.5170340681362724,0.8717434869739478,-2.0340681362725452,4.6593186372745485,-4.8797595190380765
2.655310621242485,1.032064128256513,-0.7915831663326651,4.358717434869739,2.7955911823647295,-0.7314629258517034,-3.8577154308617234,-2.5150300601202407,-1.7134268537074147
0.4909819639278554,0.3907815631262528,3.2965931863727462,4.018036072144289,-1.2925851703406814,-1.7735470941883769,1.4529058116232463,1.072144288577154,-3.0160320641282565
-1.0120240480961922,4.018036072144289,-4.6392785571142285,-4.859719438877756,1.1122244488977957,0.2505010020040084,1.8136272545090177,4.018036072144289,-1.6733466933867733
-0.4909819639278554,-4.398797595190381,2.3146292585170345,-2.7955911823647295,0.330661322645291,3.396793587174349,-3.5571142284569137,-2.0741482965931866,3.4168336673346698
4.679358717434869,2.9959919839679356,-1.7935871743486973,-3.4769539078156315,0.2304609218436875,-3.2364729458917836,3.9579158316633265,0.3707414829659319,2.5551102204408815
4.599198396793588,2.0541082164328657,1.4128256513026054,-0.19038076152304573,0.2505010020040084,0.11022044088176397,2.5751503006012024,5.0,5.0
-1.8937875751503004,-2.775551102204409,4.519038076152304,2.474949899799599,-4.8997995991983965,-1.753507014028056,-0.5711422845691381,4.519038076152304,3.9178356713426847
1.8937875751503004,1.4128256513026054,2.1142284569138274,0.6913827655310625,3.7575150300601194,-3.5370741482965933,-3.356713426853707,-2.835671342685371,3.797595190380761
-3.13627254509018,3.6773547094188377,2.5350701402805615,-1.533066132264529,0.350701402805611,3.4769539078156306,1.3727454909819636,-2.635270541082164,0.8917835671342687
0.3707414829659319,3.9779559118236474,3.4368737474949906,3.3166332665330653,0.6513026052104207,2.895791583166333,2.8557114228456912,0.6112224448897798,-2.975951903807615
4.539078156312625,3.0761523046092183,-4.05811623246493,-1.6733466933867733,2.2945891783567136,-3.156312625250501,-3.2164328657314627,0.29058116232464926,4.118236472945892
1.6132264529058116,4.69939879759519,4.799599198396793,5.0,-4.979959919839679,-2.2545090180360723,0.9719438877755513,-3.777555110220441,3.176352705410821
-4.539078156312625,2.174348697394789,-4.35871743486974,-3.376753507014028,3.396793587174349,-3.0761523046092183,-4.659318637274549,-3.577154308617234,-1.653306613226453
-3.8977955911823647,0.17034068136272573,-1.0521042084168335,1.8336673346693386,-3.617234468937876,-2.214428857715431,-4.218436873747495,4.218436873747494,3.6773547094188377
3.657314629258517,3.336673346693386,-2.214428857715431,-1.1322645290581161,-3.597194388777555,1.8737474949899804,-3.657314629258517,-0.7515030060120242,1.072144288577154
-0.3907815631262528,2.935871743486974,4.278557114228457,1.7935871743486977,2.19438877755511,3.837675350701403,0.17034068136272573,-0.5711422845691381,-2.535070140280561
-2.4749498997995993,3.7374749498998003,3.4569138276553097,0.09018036072144309,2.154308617234469,-2.775551102204409,-4.05811623246493,-0.7715430861723451,2.474949899799599
4.438877755511022,0.3707414829659319,-0.05010020040080132,2.9759519038076157,-2.4549098196392785,-3.2965931863727453,2.174348697394789,-3.056112224448898,1.973947895791583
-3.777555110220441,2.454909819639279,-1.993987975951904,1.5531062124248498,2.014028056112225,-2.635270541082164,-1.7334669338677355,-2.3547094188376754,1.6733466933867733
-4.799599198396794,1.292585170340681,1.6332665330661325,2.8557114228456912,4.919839679358718,0.47094188376753543,2.434869739478958,-4.338677354709419,-3.4168336673346693
-3.5170340681362724,1.3727454909819636,0.2705410821643284,2.715430861723447,-0.7114228456913825,2.1342685370741483,-2.2745490981963927,-0.5511022044088181,-1.25250501002004
-2.555110220440882,2.5350701402805615,-1.2725450901803605,-2.6953907815631264,4.298597194388778,-2.094188376753507,3.7174348697394795,0.8717434869739478,2.3547094188376754
0.45090180360721455,4.458917835671343,1.032064128256513,3.637274549098196,-1.4729458917835672,-3.0360721442885774,-2.655310621242485,-1.0921843687374748,-3.5571142284569137
3.396793587174349,0.5110220440881763,0.29058116232464926,3.376753507014028,4.979959919839679,4.539078156312625,2.3947895791583163,0.2705410821643284,-1.1322645290581161
0.030060120240481325,-4.298597194388778,-4.659318637274549,-2.8957915831663326,1.533066132264529,2.5951903807615233,0.8717434869739478,-1.3527054108216432,-0.6713426853707416
-4.398797595190381,4.278557114228457,2.034068136272545,0.2104208416833666,-2.2945891783567136,1.072144288577154,4.539078156312625,0.8517034068136269,4.018036072144289
-2.2344689378757514,-1.4128256513026054,2.715430861723447,-2.81563126252505,-4.198396793587174,4.438877755511022,0.2304609218436875,-2.314629258517034,-4.05811623246493
1.5531062124248498,2.5150300601202407,-2.535070140280561,3.857715430861724,-4.298597194388778,4.8797595190380765,-3.837675350701403,2.254509018036072,-2.6753507014028055
-0.17034068136272573,-0.4108216432865728,3.4769539078156306,1.052104208416834,-3.156312625250501,4.979959919839679,-0.29058116232464926,1.5731462925851707,-4.919839679358717
0.05010020040080132,1.753507014028056,2.3747494989979963,4.6593186372745485,-4.839679358717435,-4.799599198396794,-2.19438877755511,0.7314629258517034,0.5110220440881763
1.4328657314629263,0.7314629258517034,0.09018036072144309,-0.5711422845691381,-0.9719438877755513,1.492985971943888,4.018036072144289,-1.6332665330661325,3.0561122244488974
4.579158316633267,1.8737474949899804,-1.152304609218437,0.4108216432865728,1.7935871743486977,4.599198396793588,-0.3907815631262528,0.0701402805611222,-4.258517034068136
1.3326653306613228,-3.276553106212425,-2.635270541082164,-2.2945891783567136,-2.2545090180360723,-3.376753507014028,1.2324649298597192,-0.43086172344689366,-3.0360721442885774
0.31062124248497014,2.8557114228456912,-3.5370741482965933,3.7775551102204403,-0.47094188376753543,2.7555110220440886,-0.9519038076152304,-1.7935871743486973,-0.6913827655310625
4.799599198396793,2.3947895791583163,0.5511022044088181,3.7374749498998003,-1.7935871743486973,3.797595190380761,-1.7134268537074147,4.559118236472946,-0.7314629258517034
4.1983967935871735,-0.13026052104208397,-0.9118236472945895,3.577154308617235,-1.4529058116232463,3.597194388777556,3.0761523046092183,2.8557114228456912,2.49498997995992
4.939879759519037,-3.0761523046092183,-4.298597194388778,1.1322645290581166,1.993987975951904,0.2304609218436875,4.298597194388778,3.096192384769539,0.31062124248497014
-3.276553106212425,-1.4929859719438876,-2.2745490981963927,0.9118236472945895,-1.372745490981964,0.3707414829659319,-4.018036072144288,-3.2565130260521045,-3.276553106212425
4.318637274549099,4.719438877755511,-2.5751503006012024,3.2164328657314627,-4.959919839679359,-0.5110220440881763,-1.6132264529058116,4.398797595190381,-4.138276553106213
-1.6332665330661325,2.635270541082164,-3.717434869739479,3.2565130260521045,2.5150300601202407,0.9719438877755513,3.4969939879759515,4.1983967935871735,4.899799599198397
-4.759519038076152,3.156312625250502,-4.819639278557114,4.679358717434869,2.034068136272545,-3.13627254509018,3.5170340681362724,-0.010020040080160442,-3.817635270541082
3.4969939879759515,2.1142284569138274,1.7735470941883769,-2.995991983967936,-0.9919839679358722,-1.1723446893787575,0.9919839679358722,-4.278557114228457,-1.8937875751503004
-2.1543086172344688,2.715430861723447,-1.8136272545090182,3.0561122244488974,3.637274549098196,-4.559118236472946,0.3707414829659319,-2.19438877755511,-2.094188376753507
0.7314629258517034,-3.4168336673346693,-4.118236472945892,4.138276553106213,2.695390781563126,-3.356713426853707,3.657314629258517,1.1923847695390783,-0.05010020040080132
-0.7915831663326651,3.617234468937875,-4.07815631262525,-3.5170340681362724,-2.595190380761523,-4.158316633266534,2.7955911823647295,-0.5310621242484972,2.1142284569138274
-3.4569138276553106,2.034068136272545,-0.13026052104208397,-1.6933867735470942,-0.9318637274549095,0.15030060120240485,-4.519038076152305,2.3547094188376754,-4.438877755511022
-0.43086172344689366,2.655310621242485,-0.2705410821643284,4.37875751503006,-2.1142284569138274,-3.0160320641282565,-0.6513026052104207,-0.6713426853707416,-0.4909819639278554
2.2745490981963927,-2.875751503006012,1.6733466933867733,4.959919839679358,-2.3947895791583167,-0.7915831663326651,1.8737474949899804,-2.2344689378757514,2.7354709418837677
1.8136272545090177,-4.759519038076152,-2.1743486973947896,4.118236472945892,-0.29058116232464926,-4.739478957915832,0.6112224448897798,-3.6372745490981964,1.272545090180361
-2.0741482965931866,-4.559118236472946,1.8537074148296595,0.13026052104208397,-0.2705410821643284,-2.374749498997996,-0.030060120240481325,-0.3907815631262528,3.837675350701403
2.695390781563126,-2.49498997995992,-1.1122244488977957,-4.1783567134268536,-4.018036072144288,0.05010020040080132,1.4128256513026054,-4.859719438877756,-3.617234468937876
4.959919839679358,-4.599198396793587,-4.599198396793587,-3.7374749498997994,0.11022044088176397,-0.11022044088176397,-0.591182364729459,4.118236472945892,0.2304609218436875
-0.4108216432865728,3.2765531062124253,4.398797595190381,-3.356713426853707,-4.819639278557114,-2.3547094188376754,4.218436873747494,-0.5110220440881763,-2.1543086172344688
-1.4328657314629258,2.234468937875752,3.657314629258517,1.5931863727454907,-3.1162324649298596,-3.3166332665330662,0.5110220440881763,-4.819639278557114,4.398797595190381
2.7955911823647295,0.9118236472945895,-2.755511022044088,-0.8517034068136269,-4.739478957915832,-2.434869739478958,-3.056112224448898,-3.7575150300601203,1.753507014028056
3.9979959919839683,-4.278557114228457,4.819639278557114,-3.4368737474949898,-4.07815631262525,4.098196392785571,1.1322645290581166,-3.4769539078156315,4.178356713426854
-2.2745490981963927,-3.9979959919839683,-0.6913827655310625,3.336673346693386,2.454909819639279,1.0921843687374748,3.136272545090181,-4.539078156312625,1.4328657314629263
-0.9519038076152304,-2.374749498997996,4.979959919839679,0.31062124248497014,-1.2725450901803605,1.1523046092184366,-0.9318637274549095,-2.434869739478958,-4.819639278557114
-4.579158316633267,4.599198396793588,-4.539078156312625,1.3326653306613228,0.9318637274549095,1.3527054108216436,2.19438877755511,-3.2364729458917836,-4.038076152304609
-2.374749498997996,-3.056112224448898,1.6533066132264533,-1.7134268537074147,4.539078156312625,-0.09018036072144309,3.797595190380761,-2.5751503006012024,-4.098196392785571
-3.2565130260521045,-1.152304609218437,-0.4108216432865728,-1.4529058116232463,-4.258517034068136,3.9178356713426847,-1.7735470941883769,-1.2725450901803605,2.895791583166333
-5.0,3.3166332665330653,-2.4549098196392785,-0.3907815631262528,-4.438877755511022,4.298597194388778,0.3907815631262528,0.8316633266533069,4.138276553106213
-4.519038076152305,-1.9138276553106213,-3.0761523046092183,-4.779559118236473,-2.374749498997996,-0.3707414829659319,-1.9539078156312626,-1.4128256513026054,-1.6332665330661325
-2.0541082164328657,-4.519038076152305,-4.739478957915832,-2.5751503006012024,1.6733466933867733,3.557114228456914,4.118236472945892,2.434869739478958,-3.7374749498997994
-0.591182364729459,-0.9118236472945895,3.396793587174349,-1.2925851703406814,-0.4909819639278554,-0.47094188376753543,2.474949899799599,-3.6973947895791586,-3.6372745490981964
2.3346693386773545,-2.3947895791583167,-0.9318637274549095,4.719438877755511,-2.6953907815631264,-2.595190380761523,2.3547094188376754,-4.438877755511022,-2.755511022044088
-3.4368737474949898,-4.018036072144288,0.8717434869739478,3.4969939879759515,1.8937875751503004,-4.05811623246493,0.45090180360721455,2.014028056112225,2.9959919839679356
3.7174348697394795,4.919839679358718,2.875751503006012,4.398797595190381,-2.6152304609218437,-0.31062124248497014,-4.579158316633267,-1.1322645290581161,3.4969939879759515
1.4128256513026054,4.639278557114228,-4.579158316633267,-4.238476953907815,-1.6933867735470942,2.715430861723447,-3.7575150300601203,2.454909819639279,0.11022044088176397
-2.414829659318637,-0.3707414829659319,-0.6513026052104207,-4.258517034068136,3.657314629258517,4.6192384769539085,-2.555110220440882,-4.919839679358717,1.1523046092184366
1.4729458917835672,0.13026052104208397,2.234468937875752,-1.3326653306613228,-3.9579158316633265,-0.9519038076152304,2.8156312625250504,3.577154308617235,3.4769539078156306
4.859719438877756,3.2565130260521045,2.5551102204408815,-4.038076152304609,0.9519038076152304,-3.5170340681362724,-3.376753507014028,-1.8136272545090182,4.238476953907815
-1.4729458917835672,-0.7314629258517034,-3.276553106212425,-1.753507014028056,-1.9539078156312626,1.6733466933867733,1.3126252505010019,-2.6953907815631264,-3.176352705410822
-0.29058116232464926,-2.9158316633266534,-1.6132264529058116,4.639278557114228,1.3326653306613228,-2.7354709418837677,4.03807615230461,0.7515030060120242,2.454909819639279
-1.1322645290581161,-3.0360721442885774,4.098196392785571,-0.7715430861723451,-4.478957915831663,-4.35871743486974,-3.13627254509018,-2.1543086172344688,-1.0521042084168335
3.2164328657314627,-0.7114228456913825,-0.350701402805611,-4.979959919839679,-2.555110220440882,-0.330661322645291,3.837675350701403,4.819639278557114,-0.2505010020040084
-1.2925851703406814,0.45090180360721455,4.559118236472946,-3.9579158316633265,-2.7354709418837677,0.6513026052104207,-3.577154308617234,-2.2545090180360723,3.0360721442885765
-3.156312625250501,-1.87374749498998,-2.975951903807615,2.7354709418837677,4.8797595190380765,-0.15030060120240485,-0.7314629258517034,-3.496993987975952,0.2705410821643284
-4.158316633266534,2.5951903807615233,-0.45090180360721455,0.7715430861723451,-4.619238476953908,4.07815631262525,-2.975951903807615,0.6513026052104207,3.376753507014028
2.7555110220440886,3.577154308617235,0.591182364729459,0.8717434869739478,-3.4168336673346693,1.3927855711422845,-0.8917835671342687,3.4168336673346698,4.819639278557114
-4.979959919839679,-1.533066132264529,-0.8917835671342687,-2.555110220440882,-3.717434869739479,-3.056112224448898,3.4569138276553097,-3.13627254509018,-3.657314629258517
4.839679358717435,3.7575150300601194,-0.15030060120240485,3.0761523046092183,-1.7334669338677355,-0.0701402805611222,1.973947895791583,4.298597194388778,-0.6513026052104207
1.8737474949899804,-1.6132264529058116,-4.69939879759519,2.9559118236472948,3.356713426853707,-1.1322645290581161,-0.350701402805611,2.3747494989979963,-4.799599198396794
3.5370741482965933,-2.595190380761523,-0.9519038076152304,0.43086172344689366,3.557114228456914,2.9559118236472948,0.43086172344689366,-1.372745490981964,-4.8997995991983965
1.6533066132264533,-1.0120240480961922,-4.8797595190380765,1.25250501002004,-0.3707414829659319,-2.975951903807615,3.4368737474949906,0.45090180360721455,-3.156312625250501
-4.238476953907815,-3.176352705410822,0.9519038076152304,-2.2745490981963927,-3.096192384769539,-1.993987975951904,3.196392785571142,3.356713426853707,-4.539078156312625
-1.3126252505010019,-1.1723446893787575,-2.0140280561122244,-1.4729458917835672,3.9579158316633265,-1.152304609218437,-4.398797595190381,3.4368737474949906,1.052104208416834
1.4529058116232463,1.5531062124248498,3.897795591182364,1.1923847695390783,-3.9779559118236474,-3.4569138276553106,-0.6112224448897798,3.897795591182364,1.8937875751503004
-0.5511022044088181,2.0941883767535074,1.0120240480961922,-4.37875751503006,4.519038076152304,-3.9979959919839683,0.6513026052104207,-1.3326653306613228,-2.2545090180360723
0.8316633266533069,-4.218436873747495,-1.0721442885771544,-3.2965931863727453,4.158316633266534,-3.657314629258517,0.6913827655310625,3.2965931863727462,-3.5170340681362724
0.6513026052104207,-3.156312625250501,4.018036072144289,-4.298597194388778,4.4188376753507015,1.2124248496993992,1.7735470941883769,1.9138276553106213,1.4529058116232463
-0.7314629258517034,2.154308617234469,-4.198396793587174,4.819639278557114,1.9539078156312621,-4.07815631262525,-1.4529058116232463,-1.5731462925851702,-1.5931863727454911
1.032064128256513,-1.2324649298597192,-3.597194388777555,-2.1142284569138274,-1.973947895791583,-4.719438877755511,-0.11022044088176397,1.6533066132264533,-4.779559118236473
-0.6913827655310625,-1.25250501002004,-3.6773547094188377,-0.15030060120240485,-0.7915831663326651,-4.118236472945892,-2.1543086172344688,1.9338677354709422,1.6933867735470942
2.7755511022044086,-4.498997995991984,3.2565130260521045,4.519038076152304,-0.11022044088176397,-3.396793587174349,-3.9779559118236474,2.5751503006012024,-0.47094188376753543
0.3907815631262528,-1.5531062124248498,-2.1342685370741483,-0.6513026052104207,1.753507014028056,1.1723446893787575,1.5531062124248498,-3.9779559118236474,2.675350701402806
4.238476953907815,-0.9719438877755513,-2.0541082164328657,-0.7314629258517034,-0.15030060120240485,-1.2725450901803605,2.655310621242485,-0.591182364729459,1.993987975951904
4.6593186372745485,2.2945891783567136,2.5150300601202407,4.799599198396793,0.8517034068136269,-1.3927855711422845,0.5711422845691381,-3.657314629258517,2.0541082164328657
-1.8336673346693386,4.03807615230461,1.5931863727454907,4.338677354709418,4.37875751503006,-3.4769539078156315,0.2505010020040084,4.799599198396793,0.350701402805611
-2.5751503006012024,2.875751503006012,-1.8336673346693386,3.156312625250502,-3.8977955911823647,2.9959919839679356,0.7515030060120242,1.9539078156312621,-4.1783567134268536
-2.314629258517034,4.979959919839679,-1.5931863727454911,1.7735470941883769,3.0561122244488974,4.458917835671343,1.8537074148296595,-1.1122244488977957,-2.0340681362725452
-0.11022044088176397,3.376753507014028,-4.458917835671342,0.330661322645291,-3.7374749498997994,-3.817635270541082,-1.032064128256513,3.4769539078156306,4.438877755511022
-0.7515030060120242,-2.4549098196392785,-2.5150300601202407,-0.11022044088176397,3.3166332665330653,-1.9138276553106213,0.5310621242484972,-1.993987975951904,-3.7575150300601203
0.47094188376753543,-0.8917835671342687,-2.555110220440882,-0.4108216432865728,0.030060120240481325,1.8937875751503004,-2.715430861723447,2.0741482965931866,-4.859719438877756
-4.8997995991983965,1.8136272545090177,-4.8997995991983965,-0.5511022044088181,-4.458917835671342,3.7575150300601194,0.8517034068136269,2.935871743486974,-1.753507014028056
2.3547094188376754,3.4569138276553097,-2.9158316633266534,-4.098196392785571,3.9178356713426847,-2.1342685370741483,2.3747494989979963,3.136272545090181,0.3907815631262528
-1.5130260521042085,-0.9318637274549095,-3.8977955911823647,3.6773547094188377,2.655310621242485,-1.0120240480961922,-2.6753507014028055,-4.839679358717435,4.158316633266534
-1.2725450901803605,-4.338677354709419,-0.591182364729459,1.492985971943888,-4.859719438877756,-2.1743486973947896,0.591182364729459,2.154308617234469,-4.739478957915832
-0.010020040080160442,4.519038076152304,-1.3527054108216432,-4.198396793587174,-3.13627254509018,4.178356713426854,3.0160320641282556,-1.0120240480961922,-0.7114228456913825
-1.3326653306613228,0.4108216432865728,-4.679358717434869,-0.6713426853707416,-2.5150300601202407,-2.875751503006012,-3.6773547094188377,-1.7134268537074147,-0.3907815631262528
2.474949899799599,4.478957915831664,0.3907815631262528,0.8517034068136269,-3.2364729458917836,-0.8316633266533069,-4.158316633266534,-4.579158316633267,4.679358717434869
-0.6312625250500998,3.4769539078156306,0.811623246492986,3.356713426853707,2.915831663326653,2.2745490981963927,-1.4128256513026054,-2.755511022044088,0.9519038076152304
-2.3547094188376754,3.4168336673346698,0.0701402805611222,2.7555110220440886,-3.4368737474949898,3.2364729458917836,-2.81563126252505,-2.214428857715431,-3.6773547094188377
4.779559118236472,-4.799599198396794,0.13026052104208397,-4.539078156312625,-2.975951903807615,-2.0340681362725452,0.0701402805611222,1.7735470941883769,2.7755511022044086
-1.7134268537074147,-1.032064128256513,-3.4569138276553106,1.8737474949899804,-3.877755511022044,-0.7114228456913825,-4.198396793587174,-3.6773547094188377,-1.9338677354709417
-1.032064128256513,0.5711422845691381,1.3727454909819636,1.072144288577154,-2.314629258517034,-1.4328657314629258,-2.775551102204409,-1.6933867735470942,-2.775551102204409
-2.835671342685371,-1.7935871743486973,-0.811623246492986,3.557114228456914,-2.9158316633266534,-1.6933867735470942,1.6332665330661325,-4.158316633266534,-2.715430861723447
-1.2124248496993988,4.238476953907815,-3.657314629258517,-0.591182364729459,-3.376753507014028,-0.19038076152304573,1.8937875751503004,-3.276553106212425,-1.533066132264529
-0.5110220440881763,4.118236472945892,1.3927855711422845,1.5731462925851707,3.4368737474949906,-2.6152304609218437,-0.0701402805611222,-0.6513026052104207,-2.9559118236472948
-3.717434869739479,3.4368737474949906,-1.653306613226453,-0.9318637274549095,3.4569138276553097,0.09018036072144309,0.010020040080160442,-3.376753507014028,4.318637274549099
0.5511022044088181,-3.1963927855711423,2.3947895791583163,2.49498997995992,-3.657314629258517,2.1142284569138274,0.5511022044088181,-2.094188376753507,0.15030060120240485
3.5170340681362724,-3.817635270541082,4.258517034068136,0.6312625250500998,0.811623246492986,-1.0921843687374748,4.839679358717435,1.052104208416834,4.258517034068136
3.577154308617235,0.7114228456913825,-2.0741482965931866,-4.6392785571142285,4.478957915831664,1.8136272545090177,-0.5511022044088181,-4.6392785571142285,-1.2925851703406814
1.2324649298597192,-3.2164328657314627,-4.018036072144288,2.3547094188376754,1.2324649298597192,2.7354709418837677,1.032064128256513,-3.1963927855711423,1.733466933867735
0.4108216432865728,-2.214428857715431,1.5531062124248498,0.17034068136272573,1.25250501002004,-4.8997995991983965,-3.1162324649298596,-2.49498997995992,0.5711422845691381
4.478957915831664,-2.8557114228456912,2.0741482965931866,-0.9719438877755513,4.018036072144289,1.5531062124248498,-3.777555110220441,4.37875751503006,1.1322645290581166
-2.635270541082164,-3.1162324649298596,4.058116232464929,1.3126252505010019,-0.2505010020040084,4.959919839679358,-4.118236472945892,-2.81563126252505,1.8537074148296595
3.11623246492986,2.8156312625250504,-3.9779559118236474,3.096192384769539,-2.434869739478958,4.519038076152304,-3.156312625250501,-2.875751503006012,3.2164328657314627
0.8917835671342687,-1.9539078156312626,3.336673346693386,-4.719438877755511,-3.276553106212425,1.4328657314629263,4.959919839679358,4.03807615230461,-1.993987975951904
-3.877755511022044,-2.19438877755511,-0.010020040080160442,2.655310621242485,-1.5531062124248498,4.398797595190381,-3.7374749498997994,1.3927855711422845,-1.4128256513026054
5.0,-0.29058116232464926,-0.7314629258517034,0.591182364729459,3.5370741482965933,4.899799599198397,3.0360721442885765,0.030060120240481325,-2.7955911823647295
3.136272545090181,0.8917835671342687,4.579158316633267,-0.2505010020040084,-3.3366733466933867,1.8336673346693386,-2.0541082164328657,-4.759519038076152,3.8777555110220447
3.096192384769539,-2.1142284569138274,-2.434869739478958,-4.458917835671342,-2.414829659318637,-3.877755511022044,-3.797595190380761,0.47094188376753543,-1.1923847695390783
-4.098196392785571,3.0360721442885765,1.4328657314629263,0.5110220440881763,4.859719438877756,-4.218436873747495,-1.3126252505010019,-5.0,-2.3947895791583167
-4.819639278557114,-3.396793587174349,-4.218436873747495,0.7915831663326651,0.2705410821643284,-2.49498997995992,2.935871743486974,-4.679358717434869,1.9338677354709422
-4.959919839679359,3.9378757515030056,3.7775551102204403,4.458917835671343,1.973947895791583,-1.4729458917835672,-3.9579158316633265,-1.5130260521042085,-2.555110220440882
-3.597194388777555,4.899799599198397,-1.6733466933867733,-1.3927855711422845,-4.35871743486974,0.9919839679358722,-0.4108216432865728,3.6773547094188377,3.817635270541082
-2.595190380761523,1.7935871743486977,-3.837675350701403,1.4529058116232463,1.292585170340681,-1.2925851703406814,4.178356713426854,1.533066132264529,3.7174348697394795
-2.995991983967936,0.2505010020040084,-3.4168336673346693,4.4188376753507015,1.6132264529058116,3.577154308617235,0.13026052104208397,3.817635270541082,-0.17034068136272573
1.3727454909819636,3.096192384769539,-2.775551102204409,1.973947895791583,3.2765531062124253,0.7715430861723451,1.733466933867735,-4.779559118236473,2.715430861723447
1.9138276553106213,0.15030060120240485,-3.2364729458917836,3.9779559118236474,1.8336673346693386,2.214428857715431,1.533066132264529,1.1723446893787575,-2.0541082164328657
0.5711422845691381,2.474949899799599,-3.5170340681362724,-1.2124248496993988,-0.2304609218436875,1.3326653306613228,-2.1743486973947896,-3.396793587174349,0.4909819639278554
3.2765531062124253,-3.7374749498997994,-3.6372745490981964,0.45090180360721455,4.138276553106213,3.9979959919839683,-1.993987975951904,2.034068136272545,-4.158316633266534
4.158316633266534,-0.5310621242484972,2.19438877755511,-1.25250501002004,-1.1923847695390783,2.49498997995992,2.3146292585170345,0.31062124248497014,-4.37875751503006
-1.5931863727454911,2.915831663326653,0.5310621242484972,4.03807615230461,-4.4188376753507015,-4.539078156312625,-0.811623246492986,2.49498997995992,-3.797595190380761
2.254509018036072,1.973947895791583,-0.2104208416833666,-1.7735470941883769,-4.138276553106213,0.7515030060120242,-4.458917835671342,2.895791583166333,-0.330661322645291
-4.438877755511022,0.6913827655310625,1.1322645290581166,-1.8336673346693386,3.7374749498998003,4.579158316633267,-2.6152304609218437,-4.619238476953908,3.3166332665330653
2.8156312625250504,-0.6913827655310625,-3.0360721442885774,-4.939879759519038,-0.8917835671342687,3.637274549098196,1.2124248496993992,-4.05811623246493,4.6192384769539085
4.759519038076153,-1.3927855711422845,-2.655310621242485,1.733466933867735,-3.817635270541082,2.5551102204408815,4.07815631262525,-1.3927855711422845,-3.056112224448898
-3.356713426853707,-4.05811623246493,2.9559118236472948,-2.3547094188376754,-2.49498997995992,-3.9579158316633265,0.7314629258517034,-1.4929859719438876,3.4569138276553097
2.214428857715431,3.857715430861724,-2.2545090180360723,-2.4549098196392785,4.839679358717435,-4.038076152304609,-3.0160320641282565,-3.937875751503006,-0.13026052104208397
-0.811623246492986,-3.0160320641282565,-0.8517034068136269,4.939879759519037,-2.0340681362725452,-3.577154308617234,-3.096192384769539,3.9779559118236474,0.6913827655310625
-0.2705410821643284,1.3927855711422845,-3.2164328657314627,1.2124248496993992,-2.19438877755511,1.3126252505010019,-4.138276553106213,-3.156312625250501,1.3727454909819636
-4.69939879759519,2.2745490981963927,-4.258517034068136,-1.6132264529058116,1.9138276553106213,2.935871743486974,1.052104208416834,4.478957915831664,-0.45090180360721455
3.0761523046092183,4.579158316633267,-3.396793587174349,1.6533066132264533,2.1142284569138274,2.5751503006012024,4.979959919839679,1.492985971943888,-3.4368737474949898
4.398797595190381,1.072144288577154,-2.1543086172344688,-0.43086172344689366,-3.1963927855711423,-4.759519038076152,-4.719438877755511,-0.17034068136272573,2.5951903807615233
-0.09018036072144309,3.0160320641282556,1.1523046092184366,-4.478957915831663,1.3727454909819636,-3.6773547094188377,2.675350701402806,-2.6152304609218437,-0.3707414829659319
2.154308617234469,4.318637274549099,-1.753507014028056,-3.817635270541082,-1.8537074148296595,-4.939879759519038,2.8356713426853704,0.17034068136272573,3.2765531062124253
4.018036072144289,1.4729458917835672,2.214428857715431,-3.0761523046092183,-4.05811623246493,-0.05010020040080132,1.513026052104208,3.0761523046092183,0.9919839679358722
3.0160320641282556,2.5551102204408815,3.8777555110220447,-1.6332665330661325,-0.330661322645291,3.2565130260521045,0.8316633266533069,-1.4529058116232463,-0.811623246492986
3.156312625250502,-4.8997995991983965,4.138276553106213,-1.2324649298597192,-4.579158316633267,3.7775551102204403,-1.2124248496993988,-3.5170340681362724,-0.8517034068136269
-3.9178356713426856,1.993987975951904,4.679358717434869,-3.1963927855711423,-1.152304609218437,-3.4168336673346693,-4.07815631262525,3.4569138276553097,0.030060120240481325
-4.6392785571142285,-0.9919839679358722,1.533066132264529,0.6112224448897798,3.837675350701403,2.3547094188376754,-4.478957915831663,-3.877755511022044,-4.69939879759519
3.0360721442885765,-1.5731462925851702,-2.6753507014028055,-0.6112224448897798,-1.9138276553106213,4.679358717434869,-1.3927855711422845,0.7114228456913825,-1.4729458917835672
4.559118236472946,1.8336673346693386,2.935871743486974,4.478957915831664,2.5551102204408815,-1.1923847695390783,-2.414829659318637,2.414829659318637,1.533066132264529
-2.9559118236472948,4.679358717434869,-2.2344689378757514,-2.3346693386773545,-2.775551102204409,-1.5531062124248498,3.11623246492986,1.993987975951904,2.3146292585170345
1.25250501002004,-3.6973947895791586,-0.9919839679358722,-3.3366733466933867,-1.753507014028056,2.9759519038076157,-4.919839679358717,-0.13026052104208397,-2.595190380761523
-4.37875751503006,1.733466933867735,-1.533066132264529,3.4569138276553097,3.156312625250502,0.0701402805611222,-1.3326653306613228,1.4328657314629263,4.058116232464929
1.513026052104208,1.8937875751503004,-0.8717434869739478,-3.7575150300601203,4.739478957915832,-4.659318637274549,2.014028056112225,4.899799599198397,3.577154308617235
-3.837675350701403,-2.5751503006012024,2.7555110220440886,-1.1923847695390783,-4.338677354709419,4.919839679358718,-2.3346693386773545,-1.87374749498998,-2.2344689378757514
4.258517034068136,-0.8316633266533069,-1.1723446893787575,-0.7114228456913825,2.0741482965931866,-3.8977955911823647,4.238476953907815,-0.31062124248497014,0.7515030060120242
-2.49498997995992,1.533066132264529,-3.496993987975952,-0.330661322645291,-4.69939879759519,2.19438877755511,4.37875751503006,-3.717434869739479,2.3947895791583163
-3.7575150300601203,-2.655310621242485,3.11623246492986,1.9138276553106213,2.414829659318637,-2.9158316633266534,4.6593186372745485,3.4969939879759515,-3.6973947895791586
1.7735470941883769,-3.837675350701403,-1.032064128256513,0.9719438877755513,-2.81563126252505,1.533066132264529,0.09018036072144309,-2.1142284569138274,-4.238476953907815
-0.2304609218436875,-4.579158316633267,-0.6312625250500998,-2.4749498997995993,1.1523046092184366,3.6773547094188377,1.25250501002004,-1.8537074148296595,-3.3366733466933867
-4.619238476953908,0.6713426853707416,1.3527054108216436,-3.2164328657314627,1.492985971943888,-2.835671342685371,-1.2925851703406814,4.098196392785571,-0.43086172344689366
-3.3166332665330662,-0.010020040080160442,3.637274549098196,3.6973947895791586,2.1342685370741483,0.6112224448897798,-4.539078156312625,4.839679358717435,4.298597194388778
-0.3707414829659319,0.09018036072144309,-1.0120240480961922,3.4168336673346698,-2.8557114228456912,-3.1963927855711423,-3.617234468937876,3.11623246492986,-0.350701402805611
-3.657314629258517,-2.81563126252505,-1.6933867735470942,-1.993987975951904,-0.13026052104208397,-2.655310621242485,3.9979959919839683,0.9719438877755513,1.713426853707415
1.3527054108216436,-1.3527054108216432,2.635270541082164,-4.8997995991983965,2.7354709418837677,-0.030060120240481325,-4.498997995991984,0.5511022044088181,3.7775551102204403
4.37875751503006,0.9519038076152304,2.474949899799599,3.396793587174349,-3.5370741482965933,-0.2705410821643284,4.519038076152304,-0.6913827655310625,-0.010020040080160442
-3.3366733466933867,4.559118236472946,-1.6332665330661325,0.29058116232464926,0.45090180360721455,-0.350701402805611,-2.4549098196392785,1.6733466933867733,-2.8957915831663326
3.6973947895791586,2.9759519038076157,1.3326653306613228,-3.156312625250501,-4.37875751503006,-2.0541082164328657,1.6933867735470942,3.9178356713426847,-3.2364729458917836
-2.0340681362725452,-2.7354709418837677,-4.919839679358717,-1.2725450901803605,0.43086172344689366,3.136272545090181,2.414829659318637,4.178356713426854,-3.9979959919839683
-3.797595190380761,-1.8336673346693386,3.156312625250502,3.4368737474949906,4.6192384769539085,-3.7374749498997994,1.6733466933867733,-2.715430861723447,-4.198396793587174
-0.45090180360721455,1.272545090180361,3.4969939879759515,-1.9138276553106213,0.7314629258517034,4.639278557114228,-3.2565130260521045,-2.0340681362725452,-0.9118236472945895
1.533066132264529,-0.2304609218436875,2.254509018036072,2.8156312625250504,4.098196392785571,2.7955911823647295,4.6192384769539085,-1.1723446893787575,-4.759519038076152
-0.9719438877755513,0.330661322645291,-0.6713426853707416,4.579158316633267,1.032064128256513,-1.9539078156312626,-2.7354709418837677,-1.7735470941883769,-4.839679358717435
2.3146292585170345,-0.7915831663326651,-4.138276553106213,-0.7915831663326651,4.69939879759519,1.4128256513026054,-0.43086172344689366,1.8537074148296595,-0.7915831663326651
3.617234468937875,-1.4729458917835672,-4.278557114228457,3.136272545090181,-2.4749498997995993,-0.8917835671342687,3.8777555110220447,1.3727454909819636,1.7935871743486977
0.8517034068136269,0.8517034068136269,-4.438877755511022,4.238476953907815,0.19038076152304573,-4.458917835671342,-4.859719438877756,1.4529058116232463,-2.3547094188376754
2.19438877755511,4.358717434869739,2.7955911823647295,2.234468937875752,3.577154308617235,1.5731462925851707,-2.214428857715431,4.759519038076153,3.396793587174349
2.3747494989979963,-4.819639278557114,4.358717434869739,1.8136272545090177,2.9759519038076157,-1.2324649298597192,2.49498997995992,4.859719438877756,0.9318637274549095
-1.0721442885771544,1.0921843687374748,-4.839679358717435,-4.05811623246493,-3.4769539078156315,2.5150300601202407,-0.7114228456913825,0.811623246492986,0.9719438877755513
-1.25250501002004,3.196392785571142,0.5711422845691381,2.935871743486974,-0.5511022044088181,-4.1783567134268536,-0.9118236472945895,-3.4569138276553106,-3.4569138276553106
-1.4529058116232463,-1.8937875751503004,-3.056112224448898,-1.8136272545090182,-1.6733466933867733,-0.9318637274549095,4.899799599198397,-4.559118236472946,3.356713426853707
1.9539078156312621,-2.3547094188376754,-4.759519038076152,-1.3527054108216432,-0.5711422845691381,2.6152304609218433,3.2765531062124253,2.5951903807615233,1.1923847695390783
-1.0521042084168335,-3.717434869739479,0.6312625250500998,-0.17034068136272573,-1.0721442885771544,-1.0721442885771544,0.7915831663326651,-1.032064128256513,3.9378757515030056
-3.5571142284569137,-0.19038076152304573,-1.4929859719438876,-0.8316633266533069,4.899799599198397,0.45090180360721455,4.398797595190381,-1.0721442885771544,-0.5310621242484972
1.6733466933867733,3.9579158316633265,-2.3346693386773545,2.2745490981963927,0.3907815631262528,3.897795591182364,4.579158316633267,-4.719438877755511,3.136272545090181
0.6713426853707416,3.597194388777556,-0.2505010020040084,-4.35871743486974,2.8356713426853704,4.4188376753507015,3.9779559118236474,-4.959919839679359,-4.6392785571142285
4.819639278557114,-2.715430861723447,-4.939879759519038,0.7114228456913825,-1.4929859719438876,1.9138276553106213,-0.47094188376753543,-4.8997995991983965,-2.49498997995992
-3.4168336673346693,3.797595190380761,-4.498997995991984,-0.45090180360721455,-0.811623246492986,2.414829659318637,-4.098196392785571,2.9759519038076157,2.3747494989979963
-4.1783567134268536,2.695390781563126,-1.1923847695390783,-2.875751503006012,-3.6372745490981964,1.713426853707415,-3.5170340681362724,-1.5531062124248498,0.29058116232464926
3.3166332665330653,-3.2565130260521045,-3.3366733466933867,-2.595190380761523,2.474949899799599,-4.599198396793587,2.154308617234469,3.2765531062124253,-3.9579158316633265
2.6152304609218433,4.158316633266534,-4.959919839679359,4.919839679358718,-2.3346693386773545,0.5511022044088181,0.19038076152304573,1.5531062124248498,-3.096192384769539
2.174348697394789,3.837675350701403,4.07815631262525,-0.9919839679358722,0.47094188376753543,-2.715430861723447,-1.6733466933867733,-4.979959919839679,2.0741482965931866
-0.6513026052104207,-2.535070140280561,3.617234468937875,0.7515030060120242,-3.6973947895791586,1.272545090180361,2.9559118236472948,-0.11022044088176397,-1.7334669338677355
-4.8797595190380765,1.0120240480961922,4.919839679358718,3.5370741482965933,1.6933867735470942,1.733466933867735,1.4328657314629263,0.9519038076152304,1.513026052104208
3.176352705410821,-0.811623246492986,1.8136272545090177,-0.0701402805611222,2.5350701402805615,-0.591182364729459,-0.6713426853707416,4.639278557114228,1.8136272545090177
4.058116232464929,-2.2945891783567136,4.939879759519037,-1.8937875751503004,-0.09018036072144309,-1.032064128256513,-2.374749498997996,-2.975951903807615,0.591182364729459
-4.05811623246493,0.0701402805611222,2.695390781563126,-2.6152304609218437,-2.1743486973947896,-2.0741482965931866,3.9178356713426847,-0.09018036072144309,-1.372745490981964
-2.3947895791583167,3.4969939879759515,-2.875751503006012,-1.9539078156312626,-3.937875751503006,-2.555110220440882,-4.839679358717435,4.939879759519037,-1.2725450901803605
3.9579158316633265,4.258517034068136,-2.1142284569138274,-3.777555110220441,1.7735470941883769,4.498997995991983,3.577154308617235,-2.6753507014028055,2.234468937875752
-2.4549098196392785,4.178356713426854,2.7755511022044086,2.695390781563126,0.8316633266533069,1.4729458917835672,2.7755511022044086,-3.2164328657314627,4.358717434869739
-1.4929859719438876,3.2164328657314627,3.9378757515030056,0.47094188376753543,-3.797595190380761,-1.4128256513026054,-2.2344689378757514,-0.4108216432865728,-2.4549098196392785
-4.35871743486974,-3.6372745490981964,0.030060120240481325,2.174348697394789,4.398797595190381,4.739478957915832,2.254509018036072,-1.4729458917835672,-1.3326653306613228
0.9919839679358722,-2.414829659318637,-4.338677354709419,-2.6753507014028055,1.6332665330661325,4.318637274549099,3.637274549098196,-4.799599198396794,4.218436873747494
-3.9779559118236474,4.799599198396793,2.7354709418837677,-4.69939879759519,0.4108216432865728,-4.438877755511022,1.1723446893787575,-2.1743486973947896,2.434869739478958
0.17034068136272573,-4.779559118236473,2.5951903807615233,1.292585170340681,-1.3326653306613228,-0.29058116232464926,2.715430861723447,-1.973947895791583,-3.837675350701403
-1.3527054108216432,-2.0340681362725452,2.9959919839679356,-2.49498997995992,1.8737474949899804,-0.6513026052104207,-0.5310621242484972,-0.7915831663326651,4.799599198396793
-3.1963927855711423,1.3527054108216436,-1.5731462925851702,-1.973947895791583,4.218436873747494,0.4108216432865728,-4.819639278557114,1.7935871743486977,1.032064128256513
-3.577154308617234,0.43086172344689366,1.272545090180361,-3.9779559118236474,-2.5751503006012024,-4.819639278557114,-2.4749498997995993,0.13026052104208397,4.779559118236472
2.8356713426853704,-0.17034068136272573,-2.19438877755511,-3.8577154308617234,-4.779559118236473,2.7755511022044086,-2.5751503006012024,2.875751503006012,3.0761523046092183
-0.030060120240481325,-4.198396793587174,-4.478957915831663,3.9378757515030056,-4.158316633266534,0.8517034068136269,-0.17034068136272573,0.7915831663326651,-5.0
3.2565130260521045,3.7174348697394795,3.3166332665330653,2.915831663326653,0.0701402805611222,2.3146292585170345,-4.69939879759519,1.1322645290581166,-4.07815631262525
3.857715430861724,-3.7575150300601203,0.350701402805611,-3.6773547094188377,-2.0140280561122244,-3.837675350701403,-1.9138276553106213,1.6332665330661325,3.9579158316633265
-2.19438877755511,-4.919839679358717,-3.2565130260521045,-4.07815631262525,0.6713426853707416,4.018036072144289,-1.152304609218437,1.5931863727454907,-1.3126252505010019
1.0921843687374748,4.739478957915832,0.010020040080160442,3.817635270541082,3.2965931863727462,-3.5571142284569137,0.330661322645291,-0.8517034068136269,-2.875751503006012
0.9719438877755513,-2.5150300601202407,-1.2324649298597192,1.4729458917835672,-1.3527054108216432,0.7114228456913825,-2.8557114228456912,2.635270541082164,3.657314629258517
-3.0160320641282565,-2.635270541082164,2.2945891783567136,-1.7334669338677355,2.9559118236472948,-2.19438877755511,3.9378757515030056,-1.6733466933867733,-1.7735470941883769
-4.779559118236473,1.2324649298597192,4.498997995991983,4.6192384769539085,4.07815631262525,-2.8557114228456912,2.234468937875752,4.919839679358718,-1.8136272545090182
1.492985971943888,2.254509018036072,-1.2124248496993988,3.797595190380761,2.3146292585170345,-0.811623246492986,5.0,-0.811623246492986,2.935871743486974
3.837675350701403,2.014028056112225,-3.13627254509018,-2.214428857715431,-4.659318637274549,-1.3126252505010019,3.597194388777556,-0.3707414829659319,1.3326653306613228
4.6192384769539085,3.2364729458917836,4.599198396793588,-4.799599198396794,-0.030060120240481325,-0.4909819639278554,-4.779559118236473,-2.8957915831663326,-4.599198396793587
-1.9338677354709417,0.2705410821643284,0.19038076152304573,4.098196392785571,-3.577154308617234,-0.2104208416833666,4.819639278557114,1.1523046092184366,3.7374749498998003
-2.0140280561122244,-4.4188376753507015,4.69939879759519,2.7755511022044086,4.238476953907815,-1.8336673346693386,-0.9719438877755513,-1.9138276553106213,0.5511022044088181
-2.214428857715431,0.2304609218436875,-2.374749498997996,4.839679358717435,-4.719438877755511,-0.9919839679358722,3.4168336673346698,3.156312625250502,-0.8717434869739478
-0.0701402805611222,-1.753507014028056,4.37875751503006,-3.496993987975952,-4.218436873747495,-1.3326653306613228,3.5370741482965933,-4.8797595190380765,-4.278557114228457
-4.258517034068136,4.819639278557114,2.3547094188376754,-4.739478957915832,-0.7715430861723451,-3.276553106212425,3.7575150300601194,2.675350701402806,2.1342685370741483
-1.5731462925851702,1.6332665330661325,1.993987975951904,0.11022044088176397,3.0761523046092183,-2.8957915831663326,-2.314629258517034,2.7955911823647295,-4.939879759519038
3.897795591182364,-2.935871743486974,4.6192384769539085,-3.13627254509018,3.6773547094188377,-4.398797595190381,1.9138276553106213,-2.3947895791583167,2.9759519038076157
-1.533066132264529,0.7715430861723451,2.655310621242485,2.3947895791583163,-3.176352705410822,3.336673346693386,-2.0741482965931866,-2.0140280561122244,-3.9178356713426856
-2.1342685370741483,-4.438877755511022,3.356713426853707,-0.47094188376753543,-3.496993987975952,2.474949899799599,1.1523046092184366,0.6713426853707416,3.11623246492986
-0.6713426853707416,-1.372745490981964,-1.8537074148296595,-4.158316633266534,1.0120240480961922,-3.797595190380761,-2.635270541082164,0.4909819639278554,-3.8577154308617234
2.5751503006012024,-3.877755511022044,-3.1162324649298596,-4.759519038076152,0.5310621242484972,-0.9118236472945895,-3.6372745490981964,-4.37875751503006,-0.31062124248497014
4.138276553106213,-1.5931863727454911,-0.47094188376753543,3.597194388777556,4.799599198396793,3.11623246492986,1.9539078156312621,3.196392785571142,-1.032064128256513
4.69939879759519,-2.1342685370741483,0.43086172344689366,-3.5370741482965933,2.9959919839679356,1.8537074148296595,3.356713426853707,-2.8557114228456912,-4.719438877755511
-4.599198396793587,-3.5370741482965933,4.719438877755511,4.859719438877756,1.1723446893787575,2.3747494989979963,-0.8316633266533069,0.9919839679358722,-4.318637274549098
2.434869739478958,-1.3326653306613228,-3.176352705410822,-2.414829659318637,4.358717434869739,-0.8717434869739478,3.7374749498998003,0.9118236472945895,2.214428857715431
3.2965931863727462,1.1923847695390783,3.0761523046092183,2.2945891783567136,-3.3166332665330662,-2.2745490981963927,-2.3547094188376754,-2.0541082164328657,1.0921843687374748
2.895791583166333,-0.5511022044088181,-4.098196392785571,-0.4909819639278554,0.8717434869739478,-2.935871743486974,-0.7915831663326651,-2.655310621242485,2.5150300601202407
3.4168336673346698,-2.0741482965931866,4.218436873747494,2.5150300601202407,-1.5130260521042085,0.8316633266533069,-1.87374749498998,0.2304609218436875,4.458917835671343
-3.5370741482965933,3.9178356713426847,-3.9178356713426856,3.7174348697394795,-0.6713426853707416,-3.617234468937876,-3.4769539078156315,3.5170340681362724,-0.15030060120240485
-4.559118236472946,2.49498997995992,-0.030060120240481325,2.0541082164328657,2.935871743486974,-2.1543086172344688,1.492985971943888,0.330661322645291,-4.478957915831663
-4.138276553106213,1.3126252505010019,-2.9559118236472948,2.214428857715431,-0.5310621242484972,-1.4529058116232463,-1.6933867735470942,-0.45090180360721455,-0.4108216432865728
1.3126252505010019,3.0561122244488974,-4.519038076152305,1.4128256513026054,-1.0521042084168335,-2.414829659318637,-2.9158316633266534,-1.653306613226453,-2.314629258517034
-3.096192384769539,1.1322645290581166,0.17034068136272573,-0.010020040080160442,-4.038076152304609,0.010020040080160442,-3.3366733466933867,-4.1783567134268536,3.9779559118236474
0.9519038076152304,-4.8797595190380765,4.438877755511022,4.07815631262525,0.31062124248497014,-1.973947895791583,2.875751503006012,-4.138276553106213,-4.118236472945892
-0.9919839679358722,1.6933867735470942,4.759519038076153,0.9519038076152304,1.4328657314629263,-2.3346693386773545,-4.619238476953908,1.272545090180361,4.539078156312625
1.6332665330661325,-3.356713426853707,-2.715430861723447,0.4909819639278554,-2.6753507014028055,-0.8517034068136269,-2.49498997995992,4.158316633266534,-2.935871743486974
0.15030060120240485,3.176352705410821,4.03807615230461,-1.5731462925851702,-2.094188376753507,4.839679358717435,-2.2945891783567136,3.9979959919839683,3.897795591182364
3.4569138276553097,-1.3126252505010019,1.8336673346693386,3.2965931863727462,-2.655310621242485,-2.4549098196392785,3.376753507014028,1.8737474949899804,-3.376753507014028
4.498997995991983,-4.318637274549098,-4.719438877755511,-3.597194388777555,-1.2324649298597192,1.6533066132264533,-3.4168336673346693,4.318637274549099,-3.9779559118236474
