Alg,Cost,Run_time,Ret_code,N_iter,Start_guess,Solver,absTol,relTol
FidesBFGS,1693.2481660380076,3056.105570543,true,833,1,QNDF,1.0e-8,1.0e-8
FidesGN,1690.0944564081847,705.504271457,true,212,1,QNDF,1.0e-8,1.0e-8
FidesBFGS,1683.6969913252026,1826.480834059,true,687,2,QNDF,1.0e-8,1.0e-8
FidesGN,1681.7046154799903,253.302737152,true,92,2,QNDF,1.0e-8,1.0e-8
FidesBFGS,3396.0916645446027,483.078809611,false,173,3,QNDF,1.0e-8,1.0e-8
FidesGN,1729.1883036581555,751.618610764,true,213,3,QNDF,1.0e-8,1.0e-8
FidesBFGS,1734.8542247383073,1862.119603732,true,636,4,QNDF,1.0e-8,1.0e-8
FidesGN,1689.4992460471435,418.433069972,true,130,4,QNDF,1.0e-8,1.0e-8
FidesBFGS,1720.5816546442034,1897.458540094,true,588,5,QNDF,1.0e-8,1.0e-8
FidesGN,1681.6061145884717,592.594003948,true,186,5,QNDF,1.0e-8,1.0e-8
FidesBFGS,1741.6846483692805,1731.045756946,true,630,6,QNDF,1.0e-8,1.0e-8
FidesGN,1777.0948871535393,593.17959752,true,168,6,QNDF,1.0e-8,1.0e-8
FidesBFGS,1737.7343453674077,3495.32090781,true,738,7,QNDF,1.0e-8,1.0e-8
FidesGN,1760.8560011726704,485.111385517,true,141,7,QNDF,1.0e-8,1.0e-8
FidesBFGS,1735.6985578769886,2715.258762736,true,588,8,QNDF,1.0e-8,1.0e-8
FidesGN,1689.3574288780392,302.948766658,true,87,8,QNDF,1.0e-8,1.0e-8
FidesBFGS,1686.8052390485504,1733.863453742,true,617,9,QNDF,1.0e-8,1.0e-8
FidesGN,1681.698392939766,779.671335427,true,230,9,QNDF,1.0e-8,1.0e-8
FidesBFGS,1758.485353136958,1571.266057108,true,619,10,QNDF,1.0e-8,1.0e-8
FidesGN,1736.5548289148044,347.609281314,true,95,10,QNDF,1.0e-8,1.0e-8
FidesBFGS,1703.7859825127994,3095.065953376,true,858,11,QNDF,1.0e-8,1.0e-8
FidesGN,1807.4049543864635,1373.903309637,true,267,11,QNDF,1.0e-8,1.0e-8
FidesBFGS,1738.522897705632,2509.698090648,true,742,12,QNDF,1.0e-8,1.0e-8
FidesGN,1690.0952325259123,1421.318915724,true,380,12,QNDF,1.0e-8,1.0e-8
FidesBFGS,1793.5980625183215,2724.515660619,true,791,13,QNDF,1.0e-8,1.0e-8
FidesGN,1731.0991302918733,441.936364183,true,127,13,QNDF,1.0e-8,1.0e-8
FidesBFGS,2089.6583727091065,1822.104986697,true,650,14,QNDF,1.0e-8,1.0e-8
FidesGN,1681.6062231863757,1131.776363238,true,301,14,QNDF,1.0e-8,1.0e-8
FidesBFGS,1703.2604440133327,3375.617274054,true,861,15,QNDF,1.0e-8,1.0e-8
FidesGN,4204.371797882357,3955.739763855,false,1000,15,QNDF,1.0e-8,1.0e-8
FidesBFGS,1761.9680192043465,2340.393746788,true,697,16,QNDF,1.0e-8,1.0e-8
FidesGN,1681.6104584134432,572.71993959,true,196,16,QNDF,1.0e-8,1.0e-8
FidesBFGS,1700.3289301777122,3463.095202955,true,778,17,QNDF,1.0e-8,1.0e-8
FidesGN,1729.1776269891554,723.266029574,true,203,17,QNDF,1.0e-8,1.0e-8
FidesBFGS,1721.3571726538207,1940.927309247,true,659,18,QNDF,1.0e-8,1.0e-8
FidesGN,1725.3641908826323,477.764584402,true,142,18,QNDF,1.0e-8,1.0e-8
FidesBFGS,1767.7695765298417,1877.729299083,true,632,19,QNDF,1.0e-8,1.0e-8
FidesGN,1682.0814361181608,336.806894354,true,102,19,QNDF,1.0e-8,1.0e-8
FidesBFGS,1807.7388360493733,1780.665763874,true,524,20,QNDF,1.0e-8,1.0e-8
FidesGN,1796.856097764608,897.345702013,true,210,20,QNDF,1.0e-8,1.0e-8
FidesBFGS,8237.916339526511,37.489694132,true,59,21,QNDF,1.0e-8,1.0e-8
FidesGN,1681.6129147189972,528.318399153,true,176,21,QNDF,1.0e-8,1.0e-8
FidesBFGS,1823.1054592525638,2411.926538876,true,773,22,QNDF,1.0e-8,1.0e-8
FidesGN,1700.438352940278,661.22205041,true,194,22,QNDF,1.0e-8,1.0e-8
FidesBFGS,1709.040755343649,2624.912469388,true,850,23,QNDF,1.0e-8,1.0e-8
FidesGN,1729.173044733796,822.063483014,true,231,23,QNDF,1.0e-8,1.0e-8
FidesBFGS,1987.0604309285177,2981.116937858,false,609,24,QNDF,1.0e-8,1.0e-8
FidesGN,1737.6712119394506,653.236404658,true,166,24,QNDF,1.0e-8,1.0e-8
FidesBFGS,1752.1534665118904,2084.614559868,true,715,25,QNDF,1.0e-8,1.0e-8
FidesGN,1681.6176204369076,705.679421826,true,167,25,QNDF,1.0e-8,1.0e-8
FidesBFGS,1820.2071921628446,2731.612620083,true,769,26,QNDF,1.0e-8,1.0e-8
FidesGN,1681.6280667338774,531.065028009,true,160,26,QNDF,1.0e-8,1.0e-8
FidesBFGS,1703.1520507189073,1904.182571159,true,706,27,QNDF,1.0e-8,1.0e-8
FidesGN,1693.2189673230732,404.341814494,true,123,27,QNDF,1.0e-8,1.0e-8
FidesBFGS,1712.8830116803638,1570.940492989,true,561,28,QNDF,1.0e-8,1.0e-8
FidesGN,1681.6069751817924,492.264235858,true,148,28,QNDF,1.0e-8,1.0e-8
FidesBFGS,1717.7935524951354,1831.892348066,true,620,29,QNDF,1.0e-8,1.0e-8
FidesGN,1681.6391728137448,417.556251295,true,143,29,QNDF,1.0e-8,1.0e-8
FidesBFGS,1702.5613838008644,2447.42508885,true,843,30,QNDF,1.0e-8,1.0e-8
FidesGN,1689.3517153385408,407.204052598,true,123,30,QNDF,1.0e-8,1.0e-8
FidesBFGS,1757.8849927963731,2748.804166167,true,802,31,QNDF,1.0e-8,1.0e-8
FidesGN,3595.556561863161,3119.683648626,false,1000,31,QNDF,1.0e-8,1.0e-8
FidesBFGS,1766.99907476836,1737.544557835,true,595,32,QNDF,1.0e-8,1.0e-8
FidesGN,1700.5941050758065,312.88141005,true,94,32,QNDF,1.0e-8,1.0e-8
FidesBFGS,1762.0328836359483,2174.328587245,true,685,33,QNDF,1.0e-8,1.0e-8
FidesGN,1760.8568090745948,478.780766194,true,142,33,QNDF,1.0e-8,1.0e-8
FidesBFGS,1710.9195981456994,2002.473535036,true,694,34,QNDF,1.0e-8,1.0e-8
FidesGN,1681.6093839900268,497.932405443,true,167,34,QNDF,1.0e-8,1.0e-8
FidesBFGS,1694.7110436637377,2367.786971323,true,746,35,QNDF,1.0e-8,1.0e-8
FidesGN,1689.7704390074946,716.21432604,true,202,35,QNDF,1.0e-8,1.0e-8
FidesBFGS,1743.9836365247422,1962.640742873,true,648,36,QNDF,1.0e-8,1.0e-8
FidesGN,1745.6334135567763,584.986729838,true,166,36,QNDF,1.0e-8,1.0e-8
FidesBFGS,1772.5603486437603,1697.808783481,true,639,37,QNDF,1.0e-8,1.0e-8
FidesGN,1700.5329359480436,330.608435454,true,108,37,QNDF,1.0e-8,1.0e-8
FidesBFGS,1729.7912844171456,2632.572246647,true,909,38,QNDF,1.0e-8,1.0e-8
FidesGN,1681.6118876211187,598.74848225,true,178,38,QNDF,1.0e-8,1.0e-8
FidesBFGS,1693.2212750222789,3573.417697255,false,1000,39,QNDF,1.0e-8,1.0e-8
FidesGN,1706.7945765918867,346.011097616,true,105,39,QNDF,1.0e-8,1.0e-8
FidesBFGS,1700.753105705247,2241.523670385,true,694,40,QNDF,1.0e-8,1.0e-8
FidesGN,1690.1080853855397,293.771068524,true,95,40,QNDF,1.0e-8,1.0e-8
FidesBFGS,1762.8940862423515,2896.059429979,true,866,41,QNDF,1.0e-8,1.0e-8
FidesGN,1736.5479071485493,552.754677115,true,166,41,QNDF,1.0e-8,1.0e-8
FidesBFGS,1693.992786257767,3305.294580703,true,833,42,QNDF,1.0e-8,1.0e-8
FidesGN,1690.0945656289246,974.548222201,true,330,42,QNDF,1.0e-8,1.0e-8
FidesBFGS,1758.425896307694,1691.984805891,true,665,43,QNDF,1.0e-8,1.0e-8
FidesGN,1681.6198123061172,442.701352351,true,143,43,QNDF,1.0e-8,1.0e-8
FidesBFGS,1703.1029104216136,3037.948413341,true,822,44,QNDF,1.0e-8,1.0e-8
FidesGN,1700.438360187379,737.85802984,true,194,44,QNDF,1.0e-8,1.0e-8
FidesBFGS,1710.109252406055,2298.338652078,true,757,45,QNDF,1.0e-8,1.0e-8
FidesGN,1730.274652484009,517.310311403,true,132,45,QNDF,1.0e-8,1.0e-8
FidesBFGS,1852.4524955848453,1393.638432034,true,523,46,QNDF,1.0e-8,1.0e-8
FidesGN,1725.7486334699765,528.891125725,true,174,46,QNDF,1.0e-8,1.0e-8
FidesBFGS,1738.31982529478,2635.928299614,true,778,47,QNDF,1.0e-8,1.0e-8
FidesGN,1689.349330031717,590.875557026,true,164,47,QNDF,1.0e-8,1.0e-8
FidesBFGS,1767.157402338817,2337.687180196,true,785,48,QNDF,1.0e-8,1.0e-8
FidesGN,1730.1805344215259,848.386691564,true,230,48,QNDF,1.0e-8,1.0e-8
FidesBFGS,1760.1842234247838,2663.404674988,true,809,49,QNDF,1.0e-8,1.0e-8
FidesGN,1741.9403107062878,678.497274656,true,199,49,QNDF,1.0e-8,1.0e-8
FidesBFGS,1734.9336324989297,2973.915999,true,763,50,QNDF,1.0e-8,1.0e-8
FidesGN,1700.905754869193,375.687600039,true,120,50,QNDF,1.0e-8,1.0e-8
FidesBFGS,1686.172295000852,2063.728949574,true,637,51,QNDF,1.0e-8,1.0e-8
FidesGN,1731.3609038027098,519.932960819,true,143,51,QNDF,1.0e-8,1.0e-8
FidesBFGS,1720.7174001270655,2045.62188652,true,645,52,QNDF,1.0e-8,1.0e-8
FidesGN,1700.4382558000052,581.309218529,true,185,52,QNDF,1.0e-8,1.0e-8
FidesBFGS,1740.6181635482562,2519.137303357,true,738,53,QNDF,1.0e-8,1.0e-8
FidesGN,2606.679628325933,312.463670749,false,104,53,QNDF,1.0e-8,1.0e-8
FidesBFGS,1707.396629439529,2350.975376593,true,606,54,QNDF,1.0e-8,1.0e-8
FidesGN,1693.218926377737,544.490886911,true,139,54,QNDF,1.0e-8,1.0e-8
FidesBFGS,1702.1126450755564,1975.043193118,true,624,55,QNDF,1.0e-8,1.0e-8
FidesGN,1689.4759088894543,429.190490574,true,119,55,QNDF,1.0e-8,1.0e-8
FidesBFGS,1718.063861126407,2490.317586996,true,834,56,QNDF,1.0e-8,1.0e-8
FidesGN,1681.627189694182,559.871971156,true,175,56,QNDF,1.0e-8,1.0e-8
FidesBFGS,1760.2180023546312,2389.0446141,true,825,57,QNDF,1.0e-8,1.0e-8
FidesGN,1681.6580030222067,479.006818575,true,163,57,QNDF,1.0e-8,1.0e-8
FidesBFGS,1817.4774848457537,1680.506303559,true,610,58,QNDF,1.0e-8,1.0e-8
FidesGN,1689.3503088873085,440.857911028,true,140,58,QNDF,1.0e-8,1.0e-8
FidesBFGS,1693.0064112780622,1796.785490238,true,686,59,QNDF,1.0e-8,1.0e-8
FidesGN,1746.7973502846082,604.111260553,true,183,59,QNDF,1.0e-8,1.0e-8
FidesBFGS,1753.5696597578196,2468.541462375,true,805,60,QNDF,1.0e-8,1.0e-8
FidesGN,1712.162048725805,622.701496449,true,146,60,QNDF,1.0e-8,1.0e-8
FidesBFGS,1721.655985484728,1938.138535291,true,636,61,QNDF,1.0e-8,1.0e-8
FidesGN,1700.449781502889,536.986660573,true,166,61,QNDF,1.0e-8,1.0e-8
FidesBFGS,1820.643941348826,2628.257077913,true,706,62,QNDF,1.0e-8,1.0e-8
FidesGN,1746.7976670003663,591.966525782,true,174,62,QNDF,1.0e-8,1.0e-8
FidesBFGS,1714.243793373563,2451.551287166,true,733,63,QNDF,1.0e-8,1.0e-8
FidesGN,1693.21892978063,510.449386585,true,156,63,QNDF,1.0e-8,1.0e-8
FidesBFGS,5653.399318829373,1804.814176986,true,274,64,QNDF,1.0e-8,1.0e-8
FidesGN,1729.1873922826444,1250.304711549,true,303,64,QNDF,1.0e-8,1.0e-8
FidesBFGS,1714.1358358416453,2297.973453472,true,843,65,QNDF,1.0e-8,1.0e-8
FidesGN,1681.6130659793573,428.743942234,true,138,65,QNDF,1.0e-8,1.0e-8
FidesBFGS,1721.5899229119136,3118.508905072,true,848,66,QNDF,1.0e-8,1.0e-8
FidesGN,1681.611880775185,596.226776353,true,142,66,QNDF,1.0e-8,1.0e-8
FidesBFGS,1709.3330814041096,1763.91455208,true,618,67,QNDF,1.0e-8,1.0e-8
FidesGN,1689.2614611143933,497.270072767,true,150,67,QNDF,1.0e-8,1.0e-8
FidesBFGS,1768.4537863511514,2269.564355253,true,552,68,QNDF,1.0e-8,1.0e-8
FidesGN,1730.1152324800819,1056.771132481,true,283,68,QNDF,1.0e-8,1.0e-8
FidesBFGS,1910.284771427945,1380.848487288,true,429,69,QNDF,1.0e-8,1.0e-8
FidesGN,1796.6198193723021,735.662417304,true,191,69,QNDF,1.0e-8,1.0e-8
FidesBFGS,1757.7527160344716,2378.15200165,true,777,70,QNDF,1.0e-8,1.0e-8
FidesGN,1744.2864560239534,1414.478871721,true,415,70,QNDF,1.0e-8,1.0e-8
FidesBFGS,1727.0429761511427,3201.000558614,true,750,71,QNDF,1.0e-8,1.0e-8
FidesGN,1689.3502756761766,607.977324753,true,160,71,QNDF,1.0e-8,1.0e-8
FidesBFGS,1749.4100404346327,2865.839218433,true,867,72,QNDF,1.0e-8,1.0e-8
FidesGN,1729.1895580499815,741.001012984,true,202,72,QNDF,1.0e-8,1.0e-8
FidesBFGS,1690.1248465251408,4251.543298722,true,867,73,QNDF,1.0e-8,1.0e-8
FidesGN,1690.0949478529003,774.149644776,true,207,73,QNDF,1.0e-8,1.0e-8
FidesBFGS,1762.9283374114534,2105.892448376,true,731,74,QNDF,1.0e-8,1.0e-8
FidesGN,1761.363123870186,354.847604595,true,110,74,QNDF,1.0e-8,1.0e-8
FidesBFGS,1795.3424621948377,2839.507275552,true,754,75,QNDF,1.0e-8,1.0e-8
FidesGN,1700.438101155432,508.447666893,true,161,75,QNDF,1.0e-8,1.0e-8
FidesBFGS,1759.5656381138897,1492.742873408,true,561,76,QNDF,1.0e-8,1.0e-8
FidesGN,1777.471879746282,624.858092406,true,188,76,QNDF,1.0e-8,1.0e-8
FidesBFGS,1731.4895518363246,3229.417901138,true,911,77,QNDF,1.0e-8,1.0e-8
FidesGN,1700.446140619204,307.621669417,true,111,77,QNDF,1.0e-8,1.0e-8
FidesBFGS,1904.563151428158,3275.240884587,true,598,78,QNDF,1.0e-8,1.0e-8
FidesGN,1700.4381436595124,773.27961593,true,196,78,QNDF,1.0e-8,1.0e-8
FidesBFGS,1731.9329631414294,2521.254530294,true,650,79,QNDF,1.0e-8,1.0e-8
FidesGN,1689.3553811982326,362.572027884,true,113,79,QNDF,1.0e-8,1.0e-8
FidesBFGS,1749.5749079014367,2035.478726913,true,684,80,QNDF,1.0e-8,1.0e-8
FidesGN,1681.6192116350383,392.300495032,true,128,80,QNDF,1.0e-8,1.0e-8
FidesBFGS,1725.320175872385,2182.942822957,true,681,81,QNDF,1.0e-8,1.0e-8
FidesGN,1689.3503219866689,507.062992586,true,153,81,QNDF,1.0e-8,1.0e-8
FidesBFGS,1812.3721439922035,3239.581940434,true,660,82,QNDF,1.0e-8,1.0e-8
FidesGN,1808.0691618382934,541.406055374,true,140,82,QNDF,1.0e-8,1.0e-8
FidesBFGS,8826.769224473868,50.690098662,true,36,83,QNDF,1.0e-8,1.0e-8
FidesGN,1737.6730303335112,728.796452312,true,209,83,QNDF,1.0e-8,1.0e-8
FidesBFGS,1711.2985479876818,1807.635351266,true,611,84,QNDF,1.0e-8,1.0e-8
FidesGN,1681.6193811406715,468.571807686,true,156,84,QNDF,1.0e-8,1.0e-8
FidesBFGS,1861.4574765668126,2066.913117409,true,550,85,QNDF,1.0e-8,1.0e-8
FidesGN,1681.704695356253,371.132620539,true,126,85,QNDF,1.0e-8,1.0e-8
FidesBFGS,1829.048072651276,2316.982218601,true,730,86,QNDF,1.0e-8,1.0e-8
FidesGN,1681.6959683524192,531.10649639,true,166,86,QNDF,1.0e-8,1.0e-8
FidesBFGS,1695.9059921241699,1646.103599862,true,529,87,QNDF,1.0e-8,1.0e-8
FidesGN,1693.2193646118767,743.959811447,true,208,87,QNDF,1.0e-8,1.0e-8
FidesBFGS,1703.2695927292305,2626.148914611,true,849,88,QNDF,1.0e-8,1.0e-8
FidesGN,1737.6731255165635,519.159895467,true,141,88,QNDF,1.0e-8,1.0e-8
FidesBFGS,1716.8515187768758,2050.941974381,true,640,89,QNDF,1.0e-8,1.0e-8
FidesGN,1893.443945375104,683.621836235,true,112,89,QNDF,1.0e-8,1.0e-8
FidesBFGS,1771.9935076725596,1881.648336695,true,619,90,QNDF,1.0e-8,1.0e-8
FidesGN,1681.6168213056912,502.04217333,true,125,90,QNDF,1.0e-8,1.0e-8
FidesBFGS,1841.7891908209463,2110.334661921,true,606,91,QNDF,1.0e-8,1.0e-8
FidesGN,1690.0947373556874,616.982413193,true,184,91,QNDF,1.0e-8,1.0e-8
FidesBFGS,1684.1507814617903,2550.581497481,true,915,92,QNDF,1.0e-8,1.0e-8
FidesGN,1737.7152123111182,568.327659457,true,148,92,QNDF,1.0e-8,1.0e-8
FidesBFGS,1683.702213595383,2178.898564003,true,784,93,QNDF,1.0e-8,1.0e-8
FidesGN,1730.9553273653637,532.927084157,true,160,93,QNDF,1.0e-8,1.0e-8
FidesBFGS,1790.9604788974973,2656.376544547,true,780,94,QNDF,1.0e-8,1.0e-8
FidesGN,1760.8599759397962,403.774402117,true,103,94,QNDF,1.0e-8,1.0e-8
FidesBFGS,1710.8596307157113,2314.806382453,true,680,95,QNDF,1.0e-8,1.0e-8
FidesGN,1690.1025802780646,541.297133081,true,148,95,QNDF,1.0e-8,1.0e-8
FidesBFGS,1694.6333927486933,2648.779266597,true,726,96,QNDF,1.0e-8,1.0e-8
FidesGN,1681.71210061904,423.782924072,true,141,96,QNDF,1.0e-8,1.0e-8
FidesBFGS,1725.269834918443,2150.848685775,true,644,97,QNDF,1.0e-8,1.0e-8
FidesGN,1690.0956321097929,679.679043234,true,179,97,QNDF,1.0e-8,1.0e-8
FidesBFGS,1865.1663580786385,2759.094851561,true,764,98,QNDF,1.0e-8,1.0e-8
FidesGN,1689.3499221099255,634.634157676,true,178,98,QNDF,1.0e-8,1.0e-8
FidesBFGS,1716.090290739557,2478.681219325,true,824,99,QNDF,1.0e-8,1.0e-8
FidesGN,1681.7034182599386,376.404220044,true,122,99,QNDF,1.0e-8,1.0e-8
FidesBFGS,1763.785671527407,1908.21786744,true,605,100,QNDF,1.0e-8,1.0e-8
FidesGN,1693.2190052244387,378.414543745,true,129,100,QNDF,1.0e-8,1.0e-8
FidesBFGS,1769.20782238593,1842.469794716,true,588,101,QNDF,1.0e-8,1.0e-8
FidesGN,1729.180084381504,901.560935733,true,206,101,QNDF,1.0e-8,1.0e-8
FidesBFGS,1730.153325468595,2870.865267674,true,719,102,QNDF,1.0e-8,1.0e-8
FidesGN,1700.4473982523295,703.584319502,true,183,102,QNDF,1.0e-8,1.0e-8
FidesBFGS,1785.3989077872282,2270.156088022,true,722,103,QNDF,1.0e-8,1.0e-8
FidesGN,1681.6188595881717,509.86242319,true,162,103,QNDF,1.0e-8,1.0e-8
FidesBFGS,1755.2369228925254,1891.01857519,true,661,104,QNDF,1.0e-8,1.0e-8
FidesGN,1700.4381755789182,676.890002513,true,202,104,QNDF,1.0e-8,1.0e-8
FidesBFGS,1791.8290913807182,2017.007862404,true,589,105,QNDF,1.0e-8,1.0e-8
FidesGN,1729.764417587468,959.600324167,true,203,105,QNDF,1.0e-8,1.0e-8
FidesBFGS,2256.0951508697385,2087.671036533,true,466,106,QNDF,1.0e-8,1.0e-8
FidesGN,1694.215246826553,386.153262795,true,135,106,QNDF,1.0e-8,1.0e-8
FidesBFGS,1745.1225721794228,1545.884499532,true,555,107,QNDF,1.0e-8,1.0e-8
FidesGN,1700.906998784039,582.338024062,true,180,107,QNDF,1.0e-8,1.0e-8
FidesBFGS,1685.9104292452416,2096.867822616,true,778,108,QNDF,1.0e-8,1.0e-8
FidesGN,1681.627315841944,362.901400654,true,118,108,QNDF,1.0e-8,1.0e-8
FidesBFGS,1692.8790191612811,2134.625076355,true,699,109,QNDF,1.0e-8,1.0e-8
FidesGN,1681.6107024057019,659.01769924,true,202,109,QNDF,1.0e-8,1.0e-8
FidesBFGS,1730.7457470789345,2160.275202518,true,778,110,QNDF,1.0e-8,1.0e-8
FidesGN,1745.6338190419012,521.830927929,true,168,110,QNDF,1.0e-8,1.0e-8
FidesBFGS,1992.779567839048,2241.54028101,true,647,111,QNDF,1.0e-8,1.0e-8
FidesGN,1700.443989672477,555.659628147,true,170,111,QNDF,1.0e-8,1.0e-8
FidesBFGS,1749.4025987297102,2983.072882272,true,772,112,QNDF,1.0e-8,1.0e-8
FidesGN,1744.2739748875238,606.828871773,true,156,112,QNDF,1.0e-8,1.0e-8
FidesBFGS,1723.9563297747368,2011.463604399,true,673,113,QNDF,1.0e-8,1.0e-8
FidesGN,1729.6564091657888,721.280446775,true,141,113,QNDF,1.0e-8,1.0e-8
FidesBFGS,1706.9285864009805,2511.248922848,true,674,114,QNDF,1.0e-8,1.0e-8
FidesGN,1700.4421323194515,536.284896452,true,151,114,QNDF,1.0e-8,1.0e-8
FidesBFGS,1733.2654327742127,1545.846215141,true,643,115,QNDF,1.0e-8,1.0e-8
FidesGN,1690.0947791208991,687.92432829,true,201,115,QNDF,1.0e-8,1.0e-8
FidesBFGS,1696.0589063475895,2901.102797192,true,701,116,QNDF,1.0e-8,1.0e-8
FidesGN,1730.1420690020066,1184.005296198,true,311,116,QNDF,1.0e-8,1.0e-8
FidesBFGS,2010.771246606554,2242.192272036,true,612,117,QNDF,1.0e-8,1.0e-8
FidesGN,1700.453682101539,388.131176637,true,116,117,QNDF,1.0e-8,1.0e-8
FidesBFGS,1754.1441041845126,1976.873816332,true,694,118,QNDF,1.0e-8,1.0e-8
FidesGN,1729.196377985179,693.930360622,true,187,118,QNDF,1.0e-8,1.0e-8
FidesBFGS,1738.7415997072808,2855.58233445,true,879,119,QNDF,1.0e-8,1.0e-8
FidesGN,1706.79044493429,551.840117944,true,149,119,QNDF,1.0e-8,1.0e-8
FidesBFGS,1686.6163752780576,2052.81475427,true,771,120,QNDF,1.0e-8,1.0e-8
FidesGN,1744.2813681052157,680.398536892,true,201,120,QNDF,1.0e-8,1.0e-8
FidesBFGS,2582.4548204721077,842.061160566,false,181,121,QNDF,1.0e-8,1.0e-8
FidesGN,1689.4765514291746,639.173354848,true,181,121,QNDF,1.0e-8,1.0e-8
FidesBFGS,1906.6571572226685,1496.778686668,true,467,122,QNDF,1.0e-8,1.0e-8
FidesGN,1692.05921794741,433.734573644,true,107,122,QNDF,1.0e-8,1.0e-8
FidesBFGS,1764.8283026487413,2377.598537111,true,821,123,QNDF,1.0e-8,1.0e-8
FidesGN,1700.5173239222245,421.923479199,true,126,123,QNDF,1.0e-8,1.0e-8
FidesBFGS,3607.2633083751225,328.853291266,false,70,124,QNDF,1.0e-8,1.0e-8
FidesGN,1746.8000684235967,566.394141052,true,161,124,QNDF,1.0e-8,1.0e-8
FidesBFGS,1780.3162427935508,3510.182606899,true,711,125,QNDF,1.0e-8,1.0e-8
FidesGN,1689.360925036573,274.950407352,true,72,125,QNDF,1.0e-8,1.0e-8
FidesBFGS,1720.1975029677146,3274.033875989,true,780,126,QNDF,1.0e-8,1.0e-8
FidesGN,1700.4380943627066,397.054874228,true,113,126,QNDF,1.0e-8,1.0e-8
FidesBFGS,1707.7074403561946,2210.256935088,true,648,127,QNDF,1.0e-8,1.0e-8
FidesGN,1681.6068552742943,598.829807783,true,172,127,QNDF,1.0e-8,1.0e-8
FidesBFGS,1729.8309778864086,2074.717048656,true,724,128,QNDF,1.0e-8,1.0e-8
FidesGN,1731.0306403862903,266.685975155,true,81,128,QNDF,1.0e-8,1.0e-8
FidesBFGS,1716.6865636080595,3121.481801164,true,922,129,QNDF,1.0e-8,1.0e-8
FidesGN,3387.4418810810457,3334.980316772,false,1000,129,QNDF,1.0e-8,1.0e-8
FidesBFGS,1753.8409294368319,2796.235812293,true,766,130,QNDF,1.0e-8,1.0e-8
FidesGN,1760.8630725281803,267.278316026,true,82,130,QNDF,1.0e-8,1.0e-8
FidesBFGS,1734.437982398558,1210.215589648,true,458,131,QNDF,1.0e-8,1.0e-8
FidesGN,1681.612398845305,508.716379978,true,145,131,QNDF,1.0e-8,1.0e-8
FidesBFGS,1775.3366943256888,1604.969261594,true,602,132,QNDF,1.0e-8,1.0e-8
FidesGN,1700.4383250951569,658.718493772,true,208,132,QNDF,1.0e-8,1.0e-8
FidesBFGS,1922.2838861935988,2239.584040889,true,551,133,QNDF,1.0e-8,1.0e-8
FidesGN,1681.6111455120626,502.01427078,true,173,133,QNDF,1.0e-8,1.0e-8
FidesBFGS,1753.4077080096529,3183.58183131,true,777,134,QNDF,1.0e-8,1.0e-8
FidesGN,1689.350180839541,778.986040866,true,198,134,QNDF,1.0e-8,1.0e-8
FidesBFGS,1739.2336148565487,2454.251253095,true,699,135,QNDF,1.0e-8,1.0e-8
FidesGN,1729.4092694907508,819.355987496,true,196,135,QNDF,1.0e-8,1.0e-8
FidesBFGS,1753.519884159837,1903.07410572,true,670,136,QNDF,1.0e-8,1.0e-8
FidesGN,1681.6403437728586,336.451771111,true,108,136,QNDF,1.0e-8,1.0e-8
FidesBFGS,1721.569943391212,3738.967363394,true,856,137,QNDF,1.0e-8,1.0e-8
FidesGN,1700.5374247185732,549.497414756,true,137,137,QNDF,1.0e-8,1.0e-8
FidesBFGS,1805.7886358755604,2110.982587449,true,737,138,QNDF,1.0e-8,1.0e-8
FidesGN,1777.2107684789105,341.161023746,true,104,138,QNDF,1.0e-8,1.0e-8
FidesBFGS,1724.6156478741877,1505.993597038,true,510,139,QNDF,1.0e-8,1.0e-8
FidesGN,1693.2190316322121,303.466907622,true,93,139,QNDF,1.0e-8,1.0e-8
FidesBFGS,1795.1714624395072,2134.967792828,true,612,140,QNDF,1.0e-8,1.0e-8
FidesGN,1837.5098909540707,310.817482481,true,97,140,QNDF,1.0e-8,1.0e-8
FidesBFGS,1684.7035401124076,2244.48835645,true,755,141,QNDF,1.0e-8,1.0e-8
FidesGN,1681.6131966944686,449.086778663,true,130,141,QNDF,1.0e-8,1.0e-8
FidesBFGS,1879.4915206986097,2015.256234572,true,661,142,QNDF,1.0e-8,1.0e-8
FidesGN,1692.0959231783672,636.150091171,true,197,142,QNDF,1.0e-8,1.0e-8
FidesBFGS,1746.7942075820174,2472.289280197,true,789,143,QNDF,1.0e-8,1.0e-8
FidesGN,1729.1877982121168,917.823363819,true,257,143,QNDF,1.0e-8,1.0e-8
FidesBFGS,1694.128952595028,2147.974268654,true,621,144,QNDF,1.0e-8,1.0e-8
FidesGN,1681.6137774473752,520.638898505,true,132,144,QNDF,1.0e-8,1.0e-8
FidesBFGS,1715.374518134303,1573.664254294,true,564,145,QNDF,1.0e-8,1.0e-8
FidesGN,1737.6664135566355,657.461200528,true,176,145,QNDF,1.0e-8,1.0e-8
FidesBFGS,1685.3997222828643,2009.841782023,true,760,146,QNDF,1.0e-8,1.0e-8
FidesGN,1681.8918864433635,429.30414056,true,141,146,QNDF,1.0e-8,1.0e-8
FidesBFGS,1721.7135422325064,2045.81864433,true,745,147,QNDF,1.0e-8,1.0e-8
FidesGN,1681.6057496680291,638.444462477,true,203,147,QNDF,1.0e-8,1.0e-8
FidesBFGS,1707.895166596003,2380.546080265,true,731,148,QNDF,1.0e-8,1.0e-8
FidesGN,1731.0848179526233,529.978714365,true,130,148,QNDF,1.0e-8,1.0e-8
FidesBFGS,1692.947869965351,1782.149946388,true,667,149,QNDF,1.0e-8,1.0e-8
FidesGN,1746.8151967923538,337.440945635,true,111,149,QNDF,1.0e-8,1.0e-8
FidesBFGS,1743.6722238327598,1536.493486713,true,572,150,QNDF,1.0e-8,1.0e-8
FidesGN,1689.350356392069,482.343735544,true,147,150,QNDF,1.0e-8,1.0e-8
FidesBFGS,1714.7262892718536,2276.633301231,true,666,151,QNDF,1.0e-8,1.0e-8
FidesGN,1693.2195657904076,557.818595695,true,159,151,QNDF,1.0e-8,1.0e-8
FidesBFGS,2045.9939355805484,2150.32146335,true,831,152,QNDF,1.0e-8,1.0e-8
FidesGN,1681.695876510522,500.836976872,true,173,152,QNDF,1.0e-8,1.0e-8
FidesBFGS,1725.446263131908,2497.820762832,true,747,153,QNDF,1.0e-8,1.0e-8
FidesGN,1745.7751345411184,549.411648326,true,158,153,QNDF,1.0e-8,1.0e-8
FidesBFGS,1819.992045972057,1636.2138178,true,537,154,QNDF,1.0e-8,1.0e-8
FidesGN,1760.856630383169,665.591463674,true,203,154,QNDF,1.0e-8,1.0e-8
FidesBFGS,1757.8160982227848,1674.026505484,true,544,155,QNDF,1.0e-8,1.0e-8
FidesGN,1681.6060642479322,458.231355545,true,132,155,QNDF,1.0e-8,1.0e-8
FidesBFGS,1786.4214032460181,2290.730995384,true,697,156,QNDF,1.0e-8,1.0e-8
FidesGN,1700.4463583116158,349.890165273,true,119,156,QNDF,1.0e-8,1.0e-8
FidesBFGS,8045.092239254324,71.64444515,true,66,157,QNDF,1.0e-8,1.0e-8
FidesGN,1800.6674966402898,698.484506277,true,183,157,QNDF,1.0e-8,1.0e-8
FidesBFGS,1800.077358143416,2715.12493368,true,744,158,QNDF,1.0e-8,1.0e-8
FidesGN,1790.0563697603998,497.089402976,true,141,158,QNDF,1.0e-8,1.0e-8
FidesBFGS,1764.3729622575543,2347.922598575,true,640,159,QNDF,1.0e-8,1.0e-8
FidesGN,1690.0949806580368,611.75262252,true,173,159,QNDF,1.0e-8,1.0e-8
FidesBFGS,6017.869864456317,177.705656323,true,57,160,QNDF,1.0e-8,1.0e-8
FidesGN,1730.1916237907724,2098.407226818,true,633,160,QNDF,1.0e-8,1.0e-8
FidesBFGS,1737.967629087669,3250.805329188,true,701,161,QNDF,1.0e-8,1.0e-8
FidesGN,1730.2501098569687,917.026613393,true,258,161,QNDF,1.0e-8,1.0e-8
FidesBFGS,1740.028598515054,2324.592770092,true,781,162,QNDF,1.0e-8,1.0e-8
FidesGN,1700.443547485034,368.552400213,true,119,162,QNDF,1.0e-8,1.0e-8
FidesBFGS,1718.7279151564517,2438.416035303,true,689,163,QNDF,1.0e-8,1.0e-8
FidesGN,1730.1827185175348,977.756761493,true,258,163,QNDF,1.0e-8,1.0e-8
FidesBFGS,1796.0351944069907,1858.363420515,true,556,164,QNDF,1.0e-8,1.0e-8
FidesGN,1689.3497538616953,1247.868350948,true,359,164,QNDF,1.0e-8,1.0e-8
FidesBFGS,1693.8090369682977,2013.288360478,true,663,165,QNDF,1.0e-8,1.0e-8
FidesGN,1746.8354525713617,431.015105972,true,121,165,QNDF,1.0e-8,1.0e-8
FidesBFGS,1743.2617804712422,2904.440754691,true,804,166,QNDF,1.0e-8,1.0e-8
FidesGN,1689.349598834101,698.417303766,true,203,166,QNDF,1.0e-8,1.0e-8
FidesBFGS,1714.594932298427,2019.021553233,true,704,167,QNDF,1.0e-8,1.0e-8
FidesGN,1745.8304257620382,515.680223523,true,170,167,QNDF,1.0e-8,1.0e-8
FidesBFGS,1704.2131753798253,2584.63722118,true,730,168,QNDF,1.0e-8,1.0e-8
FidesGN,1681.8856796122504,334.371645666,true,112,168,QNDF,1.0e-8,1.0e-8
FidesBFGS,1778.7783284415186,2132.580891955,true,632,169,QNDF,1.0e-8,1.0e-8
FidesGN,1700.4384153054334,1934.529729117,true,565,169,QNDF,1.0e-8,1.0e-8
FidesBFGS,1773.8233616862553,2009.103155825,true,626,170,QNDF,1.0e-8,1.0e-8
FidesGN,1712.3082428028424,628.62900918,true,151,170,QNDF,1.0e-8,1.0e-8
FidesBFGS,1993.4945539524617,2735.392786749,true,710,171,QNDF,1.0e-8,1.0e-8
FidesGN,1729.1882015543815,916.921627673,true,263,171,QNDF,1.0e-8,1.0e-8
FidesBFGS,1697.34146692664,2727.173064835,true,762,172,QNDF,1.0e-8,1.0e-8
FidesGN,1681.605967522583,745.236311061,false,179,172,QNDF,1.0e-8,1.0e-8
FidesBFGS,1778.5969315087923,1975.181254706,true,620,173,QNDF,1.0e-8,1.0e-8
FidesGN,1681.6061066479608,609.649687439,true,182,173,QNDF,1.0e-8,1.0e-8
FidesBFGS,1723.9585692152684,2365.47585992,true,749,174,QNDF,1.0e-8,1.0e-8
FidesGN,1689.3493945380496,755.789991023,false,228,174,QNDF,1.0e-8,1.0e-8
FidesBFGS,1780.6998113970326,1793.920523413,true,590,175,QNDF,1.0e-8,1.0e-8
FidesGN,1690.0973734133186,437.015637836,true,143,175,QNDF,1.0e-8,1.0e-8
FidesBFGS,1712.4315799652293,2733.21650335,true,761,176,QNDF,1.0e-8,1.0e-8
FidesGN,1700.9134808961985,487.139919156,true,146,176,QNDF,1.0e-8,1.0e-8
FidesBFGS,1763.4082583835238,1522.055583618,true,528,177,QNDF,1.0e-8,1.0e-8
FidesGN,1700.9101600300633,391.124949917,true,124,177,QNDF,1.0e-8,1.0e-8
FidesBFGS,1715.2712393968627,1871.076826834,true,614,178,QNDF,1.0e-8,1.0e-8
FidesGN,1736.5523966589803,555.40230916,true,145,178,QNDF,1.0e-8,1.0e-8
FidesBFGS,1723.0856744811417,2013.33628615,true,647,179,QNDF,1.0e-8,1.0e-8
FidesGN,1711.9968596757249,595.884007261,true,178,179,QNDF,1.0e-8,1.0e-8
FidesBFGS,1759.694698623176,1471.32807601,true,539,180,QNDF,1.0e-8,1.0e-8
FidesGN,1777.2096550259603,459.82597611,true,146,180,QNDF,1.0e-8,1.0e-8
FidesBFGS,1751.5967403977627,2174.811376324,true,701,181,QNDF,1.0e-8,1.0e-8
FidesGN,1728.7711005101862,1081.970592406,true,259,181,QNDF,1.0e-8,1.0e-8
FidesBFGS,1868.2116992003334,1557.209278313,true,501,182,QNDF,1.0e-8,1.0e-8
FidesGN,1681.6202650666307,634.377353315,true,151,182,QNDF,1.0e-8,1.0e-8
FidesBFGS,1713.4075281351415,2530.227171727,true,870,183,QNDF,1.0e-8,1.0e-8
FidesGN,1847.6411804898953,319.323053074,true,106,183,QNDF,1.0e-8,1.0e-8
FidesBFGS,1708.527295992415,2261.071537059,true,575,184,QNDF,1.0e-8,1.0e-8
FidesGN,1700.4387399622487,460.014760523,false,126,184,QNDF,1.0e-8,1.0e-8
FidesBFGS,1709.733539428525,1996.67373202,true,584,185,QNDF,1.0e-8,1.0e-8
FidesGN,1706.8021675024966,703.327517223,true,179,185,QNDF,1.0e-8,1.0e-8
FidesBFGS,5824.814027104801,61.303491652,true,116,186,QNDF,1.0e-8,1.0e-8
FidesGN,1681.6329162164209,521.275984612,true,160,186,QNDF,1.0e-8,1.0e-8
FidesBFGS,1712.8892073856719,2698.918980911,true,953,187,QNDF,1.0e-8,1.0e-8
FidesGN,1836.8314740264414,1015.609222269,true,281,187,QNDF,1.0e-8,1.0e-8
FidesBFGS,1722.0433892263122,2023.106863639,true,646,188,QNDF,1.0e-8,1.0e-8
FidesGN,1689.3497657599555,760.196112796,true,189,188,QNDF,1.0e-8,1.0e-8
FidesBFGS,1764.0642633516331,2534.013647882,true,685,189,QNDF,1.0e-8,1.0e-8
FidesGN,1700.4455581333605,515.174349267,true,163,189,QNDF,1.0e-8,1.0e-8
FidesBFGS,6017.892794198654,37.163465061,true,60,190,QNDF,1.0e-8,1.0e-8
FidesGN,1746.797563747471,686.012685392,true,206,190,QNDF,1.0e-8,1.0e-8
FidesBFGS,1748.3293396704798,2181.069774044,true,689,191,QNDF,1.0e-8,1.0e-8
FidesGN,1681.6140149120195,396.308598891,true,127,191,QNDF,1.0e-8,1.0e-8
FidesBFGS,1694.697747614826,2575.051278675,true,586,192,QNDF,1.0e-8,1.0e-8
FidesGN,1690.0919139661128,1567.15003064,true,464,192,QNDF,1.0e-8,1.0e-8
FidesBFGS,1730.375630893801,1617.928032767,true,562,193,QNDF,1.0e-8,1.0e-8
FidesGN,1681.6286501439122,549.201985268,true,176,193,QNDF,1.0e-8,1.0e-8
FidesBFGS,7223.678584119975,46.159751057,true,61,194,QNDF,1.0e-8,1.0e-8
FidesGN,1681.626344015613,504.203798093,true,160,194,QNDF,1.0e-8,1.0e-8
FidesBFGS,1787.2263933791266,1746.429472953,true,621,195,QNDF,1.0e-8,1.0e-8
FidesGN,1789.9538808967195,321.629292043,true,98,195,QNDF,1.0e-8,1.0e-8
FidesBFGS,4897.548183673658,455.477889532,true,251,196,QNDF,1.0e-8,1.0e-8
FidesGN,1732.2861748427422,473.830263179,true,121,196,QNDF,1.0e-8,1.0e-8
FidesBFGS,1763.1078595615859,2144.458683826,true,729,197,QNDF,1.0e-8,1.0e-8
FidesGN,1742.6385893407196,1071.485791351,true,299,197,QNDF,1.0e-8,1.0e-8
FidesBFGS,1742.906176383919,3408.568237785,true,680,198,QNDF,1.0e-8,1.0e-8
FidesGN,1681.6078104189942,775.359473971,true,194,198,QNDF,1.0e-8,1.0e-8
FidesBFGS,1752.098979018599,1209.040202205,true,500,199,QNDF,1.0e-8,1.0e-8
FidesGN,1712.1398832743432,1701.70466594,true,484,199,QNDF,1.0e-8,1.0e-8
FidesBFGS,1806.8472612928106,2707.319908655,true,711,200,QNDF,1.0e-8,1.0e-8
FidesGN,3497.622324396637,3229.278925166,false,1000,200,QNDF,1.0e-8,1.0e-8
FidesBFGS,1758.0937459273364,1992.221647513,true,696,201,QNDF,1.0e-8,1.0e-8
FidesGN,1746.9830248943342,456.367075692,true,136,201,QNDF,1.0e-8,1.0e-8
FidesBFGS,1748.2329793157814,1843.953312338,true,679,202,QNDF,1.0e-8,1.0e-8
FidesGN,1754.5322338402125,493.578068943,true,136,202,QNDF,1.0e-8,1.0e-8
FidesBFGS,1759.7864675129645,2955.622910859,true,724,203,QNDF,1.0e-8,1.0e-8
FidesGN,1729.18850335384,765.488846995,true,217,203,QNDF,1.0e-8,1.0e-8
FidesBFGS,1799.8121229147364,2788.74991092,true,594,204,QNDF,1.0e-8,1.0e-8
FidesGN,1727.6941046417483,624.306531433,true,168,204,QNDF,1.0e-8,1.0e-8
FidesBFGS,1714.404008727249,2326.869934784,true,773,205,QNDF,1.0e-8,1.0e-8
FidesGN,1681.6125546145338,421.793323182,true,128,205,QNDF,1.0e-8,1.0e-8
FidesBFGS,1770.3555483749255,1802.099858142,true,606,206,QNDF,1.0e-8,1.0e-8
FidesGN,1799.3182961379716,443.750070469,true,112,206,QNDF,1.0e-8,1.0e-8
FidesBFGS,1767.8546076509579,4061.295537684,true,906,207,QNDF,1.0e-8,1.0e-8
FidesGN,4184.798838993985,2535.436776443,false,1000,207,QNDF,1.0e-8,1.0e-8
FidesBFGS,2000.2953604320044,2211.014183965,true,633,208,QNDF,1.0e-8,1.0e-8
FidesGN,2649.817070786163,312.537525645,false,75,208,QNDF,1.0e-8,1.0e-8
FidesBFGS,1730.1292115987396,2059.910812063,true,613,209,QNDF,1.0e-8,1.0e-8
FidesGN,1723.1440579129398,608.55522199,true,166,209,QNDF,1.0e-8,1.0e-8
FidesBFGS,1751.2472652861638,2324.260584098,true,760,210,QNDF,1.0e-8,1.0e-8
FidesGN,1681.7116258944036,490.619109111,true,131,210,QNDF,1.0e-8,1.0e-8
FidesBFGS,6017.857086425151,78.972508095,true,119,211,QNDF,1.0e-8,1.0e-8
FidesGN,1683.2993983796905,359.112073356,true,120,211,QNDF,1.0e-8,1.0e-8
FidesBFGS,1722.3834070778767,2489.147172787,true,920,212,QNDF,1.0e-8,1.0e-8
FidesGN,1681.6359913127926,468.520371068,true,155,212,QNDF,1.0e-8,1.0e-8
FidesBFGS,1731.598479712009,3721.900964363,true,885,213,QNDF,1.0e-8,1.0e-8
FidesGN,1736.5626521049953,720.802000089,true,196,213,QNDF,1.0e-8,1.0e-8
FidesBFGS,1833.8905181496896,2428.197717423,true,481,214,QNDF,1.0e-8,1.0e-8
FidesGN,1746.8030034599071,754.251087805,true,161,214,QNDF,1.0e-8,1.0e-8
FidesBFGS,6828.243722241268,37.983101103,true,54,215,QNDF,1.0e-8,1.0e-8
FidesGN,1681.6160778734468,540.812198774,true,182,215,QNDF,1.0e-8,1.0e-8
FidesBFGS,1743.593097171433,2112.650956217,true,739,216,QNDF,1.0e-8,1.0e-8
FidesGN,1729.1758540660844,595.354163694,true,169,216,QNDF,1.0e-8,1.0e-8
FidesBFGS,1725.2025516823455,2027.088968504,true,631,217,QNDF,1.0e-8,1.0e-8
FidesGN,1789.6720335649684,558.251204713,true,141,217,QNDF,1.0e-8,1.0e-8
FidesBFGS,1801.224511720991,3363.663417282,true,636,218,QNDF,1.0e-8,1.0e-8
FidesGN,1700.438145265457,886.839909244,true,217,218,QNDF,1.0e-8,1.0e-8
FidesBFGS,1929.6548098588646,1895.733650564,true,635,219,QNDF,1.0e-8,1.0e-8
FidesGN,1689.349746002366,763.637585256,true,209,219,QNDF,1.0e-8,1.0e-8
FidesBFGS,1723.7755301805623,2033.530914295,true,660,220,QNDF,1.0e-8,1.0e-8
FidesGN,1746.7977914657936,447.40565734,true,147,220,QNDF,1.0e-8,1.0e-8
FidesBFGS,1702.1123446252363,2543.351678343,true,786,221,QNDF,1.0e-8,1.0e-8
FidesGN,1681.6058361085452,662.065153491,true,188,221,QNDF,1.0e-8,1.0e-8
FidesBFGS,1774.7905414806812,1486.598964591,true,565,222,QNDF,1.0e-8,1.0e-8
FidesGN,1693.2201758357205,306.964228236,true,109,222,QNDF,1.0e-8,1.0e-8
FidesBFGS,1715.8073804469004,1964.18807696,true,581,223,QNDF,1.0e-8,1.0e-8
FidesGN,1700.4382907315621,412.738378276,true,134,223,QNDF,1.0e-8,1.0e-8
FidesBFGS,1798.1860803247125,2293.709528613,true,638,224,QNDF,1.0e-8,1.0e-8
FidesGN,1690.0989737390787,537.007813479,true,163,224,QNDF,1.0e-8,1.0e-8
FidesBFGS,1810.5431046597653,2745.09383379,true,550,225,QNDF,1.0e-8,1.0e-8
FidesGN,1762.9297917813503,742.177475328,true,185,225,QNDF,1.0e-8,1.0e-8
FidesBFGS,8044.883166993086,27.740951493,true,59,226,QNDF,1.0e-8,1.0e-8
FidesGN,1740.9957451043858,721.408193148,true,200,226,QNDF,1.0e-8,1.0e-8
FidesBFGS,1722.3256122870605,1865.14797299,true,748,227,QNDF,1.0e-8,1.0e-8
FidesGN,1681.6254840840522,423.654785971,true,135,227,QNDF,1.0e-8,1.0e-8
FidesBFGS,1712.6596111098625,1671.705910078,true,554,228,QNDF,1.0e-8,1.0e-8
FidesGN,1712.328151100969,520.816781547,true,155,228,QNDF,1.0e-8,1.0e-8
FidesBFGS,2063.9458012759346,2627.864621653,true,417,229,QNDF,1.0e-8,1.0e-8
FidesGN,1681.6058349652199,696.262504835,true,175,229,QNDF,1.0e-8,1.0e-8
FidesBFGS,1762.4779005868768,3762.96243612,true,836,230,QNDF,1.0e-8,1.0e-8
FidesGN,1689.5035682968337,294.659183698,true,91,230,QNDF,1.0e-8,1.0e-8
FidesBFGS,1684.0090551605135,2164.254000313,true,802,231,QNDF,1.0e-8,1.0e-8
FidesGN,1693.0034701556929,446.714300214,true,142,231,QNDF,1.0e-8,1.0e-8
FidesBFGS,1717.9808468456588,1670.702378417,true,618,232,QNDF,1.0e-8,1.0e-8
FidesGN,1689.349306955216,545.575829826,true,172,232,QNDF,1.0e-8,1.0e-8
FidesBFGS,1703.2647098795999,2376.422396225,true,691,233,QNDF,1.0e-8,1.0e-8
FidesGN,1689.3497060487027,563.854560543,true,170,233,QNDF,1.0e-8,1.0e-8
FidesBFGS,3112.660028530514,3430.145752976,true,882,234,QNDF,1.0e-8,1.0e-8
FidesGN,1700.5844737186007,1008.137142922,true,249,234,QNDF,1.0e-8,1.0e-8
FidesBFGS,1701.4362915205747,2912.435869429,true,849,235,QNDF,1.0e-8,1.0e-8
FidesGN,1729.1976825254035,452.268651895,true,115,235,QNDF,1.0e-8,1.0e-8
FidesBFGS,1807.9347856190311,2584.286715676,true,690,236,QNDF,1.0e-8,1.0e-8
FidesGN,1758.2826691257576,395.826248382,true,111,236,QNDF,1.0e-8,1.0e-8
FidesBFGS,1726.774090898131,1832.926874565,true,602,237,QNDF,1.0e-8,1.0e-8
FidesGN,1729.1880651491647,1294.146800831,true,359,237,QNDF,1.0e-8,1.0e-8
FidesBFGS,1747.7213639253946,2360.336364185,true,659,238,QNDF,1.0e-8,1.0e-8
FidesGN,1700.4385359816251,481.102167797,true,142,238,QNDF,1.0e-8,1.0e-8
FidesBFGS,1806.9140993298138,1847.774095946,true,728,239,QNDF,1.0e-8,1.0e-8
FidesGN,1729.1907590629849,527.326718352,true,156,239,QNDF,1.0e-8,1.0e-8
FidesBFGS,1698.259990105399,2950.360050468,true,780,240,QNDF,1.0e-8,1.0e-8
FidesGN,1700.4382137582525,665.60546877,true,202,240,QNDF,1.0e-8,1.0e-8
FidesBFGS,1743.6386559765028,3472.855543357,false,1000,241,QNDF,1.0e-8,1.0e-8
FidesGN,1725.7752086637379,256.554922076,true,84,241,QNDF,1.0e-8,1.0e-8
FidesBFGS,1689.5123411619238,3951.512242838,true,777,242,QNDF,1.0e-8,1.0e-8
FidesGN,1681.605944889066,771.08571829,true,180,242,QNDF,1.0e-8,1.0e-8
FidesBFGS,1736.3318233383488,2815.776418139,true,721,243,QNDF,1.0e-8,1.0e-8
FidesGN,1728.7655772044207,495.691885692,true,122,243,QNDF,1.0e-8,1.0e-8
FidesBFGS,1684.089563098461,2418.989513918,true,841,244,QNDF,1.0e-8,1.0e-8
FidesGN,1729.2016155430501,1288.614319079,true,302,244,QNDF,1.0e-8,1.0e-8
FidesBFGS,1723.0167018053394,2095.587530495,true,713,245,QNDF,1.0e-8,1.0e-8
FidesGN,1777.2226262373167,376.531553897,true,116,245,QNDF,1.0e-8,1.0e-8
FidesBFGS,1693.1580988472535,2135.813884651,true,566,246,QNDF,1.0e-8,1.0e-8
FidesGN,1797.862025786404,1543.26265333,true,369,246,QNDF,1.0e-8,1.0e-8
FidesBFGS,1689.2512970886269,1618.841830481,true,601,247,QNDF,1.0e-8,1.0e-8
FidesGN,1681.6887346054195,336.923057155,true,107,247,QNDF,1.0e-8,1.0e-8
FidesBFGS,1771.3657574832318,1945.486114663,true,556,248,QNDF,1.0e-8,1.0e-8
FidesGN,1681.757348043316,403.478588607,true,92,248,QNDF,1.0e-8,1.0e-8
FidesBFGS,1691.8050282530426,1920.959200738,true,624,249,QNDF,1.0e-8,1.0e-8
FidesGN,1690.096201060181,559.908388026,true,151,249,QNDF,1.0e-8,1.0e-8
FidesBFGS,1754.2941602577266,2045.656736141,true,624,250,QNDF,1.0e-8,1.0e-8
FidesGN,1689.3493649597826,1327.762394571,true,369,250,QNDF,1.0e-8,1.0e-8
FidesBFGS,2036.2067706967334,3406.823382811,true,719,251,QNDF,1.0e-8,1.0e-8
FidesGN,1731.028634130318,718.847271832,true,158,251,QNDF,1.0e-8,1.0e-8
FidesBFGS,3113.451803902351,2424.112746068,true,613,252,QNDF,1.0e-8,1.0e-8
FidesGN,1730.7999775566873,686.729849055,true,201,252,QNDF,1.0e-8,1.0e-8
FidesBFGS,1763.599183132957,3861.729797182,true,822,253,QNDF,1.0e-8,1.0e-8
FidesGN,1706.791416730567,711.545266119,true,190,253,QNDF,1.0e-8,1.0e-8
FidesBFGS,1782.6326770781773,2032.566714394,true,717,254,QNDF,1.0e-8,1.0e-8
FidesGN,1700.593280663884,442.709376725,true,142,254,QNDF,1.0e-8,1.0e-8
FidesBFGS,1798.3689999188346,2558.959538309,true,613,255,QNDF,1.0e-8,1.0e-8
FidesGN,1760.855291781521,552.649880034,true,152,255,QNDF,1.0e-8,1.0e-8
FidesBFGS,1830.0334744382194,3001.442851149,true,729,256,QNDF,1.0e-8,1.0e-8
FidesGN,1729.6568176177686,810.314131201,true,165,256,QNDF,1.0e-8,1.0e-8
FidesBFGS,1690.1867203992626,1509.470611644,true,654,257,QNDF,1.0e-8,1.0e-8
FidesGN,1681.6160517054168,445.183776762,true,149,257,QNDF,1.0e-8,1.0e-8
FidesBFGS,1692.631756748034,2597.405898816,true,852,258,QNDF,1.0e-8,1.0e-8
FidesGN,1746.8266536091023,595.536462919,true,168,258,QNDF,1.0e-8,1.0e-8
FidesBFGS,1715.4503111106276,2530.217061426,true,650,259,QNDF,1.0e-8,1.0e-8
FidesGN,1697.319817743854,636.659238091,true,179,259,QNDF,1.0e-8,1.0e-8
FidesBFGS,1781.263193106688,1998.320200094,true,733,260,QNDF,1.0e-8,1.0e-8
FidesGN,2601.9799599774788,333.789857802,true,107,260,QNDF,1.0e-8,1.0e-8
FidesBFGS,1769.0738600521806,3152.513496999,true,869,261,QNDF,1.0e-8,1.0e-8
FidesGN,1729.7519561872627,1311.379513565,true,329,261,QNDF,1.0e-8,1.0e-8
FidesBFGS,1779.9177214779183,2036.044197114,true,643,262,QNDF,1.0e-8,1.0e-8
FidesGN,1681.611983267131,497.245894248,true,170,262,QNDF,1.0e-8,1.0e-8
FidesBFGS,1701.6664027613801,3433.766397174,true,850,263,QNDF,1.0e-8,1.0e-8
FidesGN,1689.350041584768,1058.948532983,true,220,263,QNDF,1.0e-8,1.0e-8
FidesBFGS,1878.8728183689705,2753.79769839,true,736,264,QNDF,1.0e-8,1.0e-8
FidesGN,1728.7739365637144,1396.012871739,true,345,264,QNDF,1.0e-8,1.0e-8
FidesBFGS,5824.8148995322335,63.992716809,true,92,265,QNDF,1.0e-8,1.0e-8
FidesGN,1692.054439204313,467.347625267,true,136,265,QNDF,1.0e-8,1.0e-8
FidesBFGS,1749.4938063436246,1457.233637671,true,604,266,QNDF,1.0e-8,1.0e-8
FidesGN,1681.623099823019,403.276702238,true,137,266,QNDF,1.0e-8,1.0e-8
FidesBFGS,1702.248858781063,2156.352663118,true,728,267,QNDF,1.0e-8,1.0e-8
FidesGN,3525.1037606121413,3009.188248983,false,1000,267,QNDF,1.0e-8,1.0e-8
FidesBFGS,1690.0272326491274,1451.412554589,true,516,268,QNDF,1.0e-8,1.0e-8
FidesGN,1729.1875938432588,731.904903462,true,203,268,QNDF,1.0e-8,1.0e-8
FidesBFGS,1694.6716733488793,2491.264829757,true,701,269,QNDF,1.0e-8,1.0e-8
FidesGN,1689.349658111801,539.720434164,true,157,269,QNDF,1.0e-8,1.0e-8
FidesBFGS,1708.9267272318752,1712.837780949,true,653,270,QNDF,1.0e-8,1.0e-8
FidesGN,1700.4466816714626,594.191678835,true,179,270,QNDF,1.0e-8,1.0e-8
FidesBFGS,1793.3467677998435,2431.125036419,true,635,271,QNDF,1.0e-8,1.0e-8
FidesGN,1744.2799201553323,793.052988573,true,232,271,QNDF,1.0e-8,1.0e-8
FidesBFGS,1734.543759884705,3903.311564772,true,832,272,QNDF,1.0e-8,1.0e-8
FidesGN,1681.6060954335312,783.972173292,false,237,272,QNDF,1.0e-8,1.0e-8
FidesBFGS,1729.953802249116,2173.354036178,true,814,273,QNDF,1.0e-8,1.0e-8
FidesGN,1681.6761644646608,571.471371555,true,177,273,QNDF,1.0e-8,1.0e-8
FidesBFGS,1693.7681534442122,1937.337970542,true,681,274,QNDF,1.0e-8,1.0e-8
FidesGN,1681.6238731694525,628.75986566,true,197,274,QNDF,1.0e-8,1.0e-8
FidesBFGS,1769.611207594598,2105.638163481,true,777,275,QNDF,1.0e-8,1.0e-8
FidesGN,1806.6840662704326,535.923976939,true,161,275,QNDF,1.0e-8,1.0e-8
FidesBFGS,1691.8325566244498,2433.435013842,true,734,276,QNDF,1.0e-8,1.0e-8
FidesGN,1746.7975963670033,684.96537765,true,182,276,QNDF,1.0e-8,1.0e-8
FidesBFGS,1694.6300506764992,3517.82823044,true,909,277,QNDF,1.0e-8,1.0e-8
FidesGN,1729.7641390082304,1019.814419022,true,210,277,QNDF,1.0e-8,1.0e-8
FidesBFGS,1793.2242220905591,3231.975484621,true,793,278,QNDF,1.0e-8,1.0e-8
FidesGN,1730.249423782838,732.336916849,true,204,278,QNDF,1.0e-8,1.0e-8
FidesBFGS,5824.814897651964,301.372617166,true,126,279,QNDF,1.0e-8,1.0e-8
FidesGN,1746.8952818521066,740.54752002,true,208,279,QNDF,1.0e-8,1.0e-8
FidesBFGS,1767.2890433452217,1581.131710691,true,489,280,QNDF,1.0e-8,1.0e-8
FidesGN,1700.4521946281784,418.375168247,true,123,280,QNDF,1.0e-8,1.0e-8
FidesBFGS,2111.092005013019,1616.961860815,true,375,281,QNDF,1.0e-8,1.0e-8
FidesGN,1700.449468701735,398.995051324,true,121,281,QNDF,1.0e-8,1.0e-8
FidesBFGS,1693.8429951142857,3204.090691059,true,734,282,QNDF,1.0e-8,1.0e-8
FidesGN,1681.682415519733,474.232126363,true,140,282,QNDF,1.0e-8,1.0e-8
FidesBFGS,1707.1342408808089,1542.980741572,true,486,283,QNDF,1.0e-8,1.0e-8
FidesGN,1746.7994034615026,560.147590944,true,157,283,QNDF,1.0e-8,1.0e-8
FidesBFGS,1775.5641336340177,2390.193803777,true,639,284,QNDF,1.0e-8,1.0e-8
FidesGN,1689.349620652353,414.020011165,true,139,284,QNDF,1.0e-8,1.0e-8
FidesBFGS,1743.241789355921,3204.862458621,true,774,285,QNDF,1.0e-8,1.0e-8
FidesGN,1694.1564780063122,389.623075471,true,132,285,QNDF,1.0e-8,1.0e-8
FidesBFGS,2303.708644463315,1361.477187378,true,438,286,QNDF,1.0e-8,1.0e-8
FidesGN,1700.4454611012488,498.070915804,true,156,286,QNDF,1.0e-8,1.0e-8
FidesBFGS,1741.2073833423929,2800.23647305,true,728,287,QNDF,1.0e-8,1.0e-8
FidesGN,1689.4872137723073,813.734139622,true,168,287,QNDF,1.0e-8,1.0e-8
FidesBFGS,1713.305586252516,1606.261073083,true,655,288,QNDF,1.0e-8,1.0e-8
FidesGN,1727.7041111380117,264.691555612,true,96,288,QNDF,1.0e-8,1.0e-8
FidesBFGS,1811.0421818134632,2364.960904279,true,591,289,QNDF,1.0e-8,1.0e-8
FidesGN,1796.699330806747,773.961424867,true,200,289,QNDF,1.0e-8,1.0e-8
FidesBFGS,1719.590535302371,1884.552983587,true,641,290,QNDF,1.0e-8,1.0e-8
FidesGN,1690.1029750694702,455.681273788,true,133,290,QNDF,1.0e-8,1.0e-8
FidesBFGS,1683.4369589801115,2632.153776257,true,874,291,QNDF,1.0e-8,1.0e-8
FidesGN,1762.9290717022125,366.392995776,true,120,291,QNDF,1.0e-8,1.0e-8
FidesBFGS,1791.837775274697,2651.537963826,true,668,292,QNDF,1.0e-8,1.0e-8
FidesGN,1681.6774733900888,529.980396013,true,136,292,QNDF,1.0e-8,1.0e-8
FidesBFGS,1693.0797056010717,2562.252068062,true,700,293,QNDF,1.0e-8,1.0e-8
FidesGN,1700.438411572516,410.706079681,true,122,293,QNDF,1.0e-8,1.0e-8
FidesBFGS,1809.6679459049174,2463.438438848,true,512,294,QNDF,1.0e-8,1.0e-8
FidesGN,1806.0137678327055,431.177193317,true,107,294,QNDF,1.0e-8,1.0e-8
FidesBFGS,1684.344087199736,4087.901336115,false,1000,295,QNDF,1.0e-8,1.0e-8
FidesGN,1703.6175645922572,997.158321829,true,272,295,QNDF,1.0e-8,1.0e-8
FidesBFGS,1842.8108253219912,1787.150867899,true,569,296,QNDF,1.0e-8,1.0e-8
FidesGN,1746.801875462414,533.113458229,true,168,296,QNDF,1.0e-8,1.0e-8
FidesBFGS,1699.5830905100456,4013.746081682,true,803,297,QNDF,1.0e-8,1.0e-8
FidesGN,1689.5471888805462,489.896009317,true,103,297,QNDF,1.0e-8,1.0e-8
FidesBFGS,1766.7868130996999,2123.924117931,true,711,298,QNDF,1.0e-8,1.0e-8
FidesGN,1681.6061527856311,468.256136585,true,144,298,QNDF,1.0e-8,1.0e-8
FidesBFGS,4897.538700770259,278.979484304,true,164,299,QNDF,1.0e-8,1.0e-8
FidesGN,1736.5602571894892,778.357871311,true,213,299,QNDF,1.0e-8,1.0e-8
FidesBFGS,1914.1161721643623,4349.631057034,true,545,300,QNDF,1.0e-8,1.0e-8
FidesGN,1729.1723459470638,1057.063493464,true,242,300,QNDF,1.0e-8,1.0e-8
FidesBFGS,1685.3396125393595,3266.849307378,true,817,301,QNDF,1.0e-8,1.0e-8
FidesGN,1746.801450070821,440.283347056,true,138,301,QNDF,1.0e-8,1.0e-8
FidesBFGS,6017.864356837797,297.512805162,true,105,302,QNDF,1.0e-8,1.0e-8
FidesGN,1708.6295638416232,520.661069027,true,141,302,QNDF,1.0e-8,1.0e-8
FidesBFGS,1808.586214975847,4058.80926096,true,881,303,QNDF,1.0e-8,1.0e-8
FidesGN,1689.7544955754279,645.648720538,true,191,303,QNDF,1.0e-8,1.0e-8
FidesBFGS,1768.978347062558,1960.026153497,true,639,304,QNDF,1.0e-8,1.0e-8
FidesGN,1681.6174288338093,512.005070791,true,152,304,QNDF,1.0e-8,1.0e-8
FidesBFGS,1780.9070745215836,3136.095530979,true,923,305,QNDF,1.0e-8,1.0e-8
FidesGN,1700.4453878039967,443.629173121,true,143,305,QNDF,1.0e-8,1.0e-8
FidesBFGS,1703.5074312768966,2434.990455821,true,763,306,QNDF,1.0e-8,1.0e-8
FidesGN,1736.555182853303,458.309677951,true,120,306,QNDF,1.0e-8,1.0e-8
FidesBFGS,1690.6452996693595,1853.029656467,true,716,307,QNDF,1.0e-8,1.0e-8
FidesGN,1681.6060231425881,496.295176002,true,140,307,QNDF,1.0e-8,1.0e-8
FidesBFGS,1763.1457030090419,2061.230817043,true,650,308,QNDF,1.0e-8,1.0e-8
FidesGN,1700.438235183059,766.707831486,true,231,308,QNDF,1.0e-8,1.0e-8
FidesBFGS,1713.3109282623288,2490.829312111,true,756,309,QNDF,1.0e-8,1.0e-8
FidesGN,1689.3497130277788,663.049014081,true,190,309,QNDF,1.0e-8,1.0e-8
FidesBFGS,5824.814756902095,73.627401962,true,78,310,QNDF,1.0e-8,1.0e-8
FidesGN,1736.5520131631565,647.516046244,true,197,310,QNDF,1.0e-8,1.0e-8
FidesBFGS,1723.3804036512909,2145.992239089,true,716,311,QNDF,1.0e-8,1.0e-8
FidesGN,1690.0945998350433,902.687429828,true,247,311,QNDF,1.0e-8,1.0e-8
FidesBFGS,1735.529865972282,2715.842006894,true,701,312,QNDF,1.0e-8,1.0e-8
FidesGN,1746.8168142102345,470.929042648,true,125,312,QNDF,1.0e-8,1.0e-8
FidesBFGS,1702.9762481000266,1450.543398607,true,551,313,QNDF,1.0e-8,1.0e-8
FidesGN,1681.701275660178,455.327831741,true,154,313,QNDF,1.0e-8,1.0e-8
FidesBFGS,2001.3682759108701,1408.774704761,true,491,314,QNDF,1.0e-8,1.0e-8
FidesGN,1689.349370828903,1369.999533373,true,391,314,QNDF,1.0e-8,1.0e-8
FidesBFGS,1996.6668751434615,3361.5715202,true,810,315,QNDF,1.0e-8,1.0e-8
FidesGN,1681.617183746133,531.458488132,true,158,315,QNDF,1.0e-8,1.0e-8
FidesBFGS,1768.2350725899705,2364.589082343,true,759,316,QNDF,1.0e-8,1.0e-8
FidesGN,1681.6070684890333,813.606239027,true,200,316,QNDF,1.0e-8,1.0e-8
FidesBFGS,1770.0270479854723,2965.796518102,true,614,317,QNDF,1.0e-8,1.0e-8
FidesGN,1689.3505087945757,979.78611828,true,272,317,QNDF,1.0e-8,1.0e-8
FidesBFGS,1714.133481938079,1892.46527941,true,678,318,QNDF,1.0e-8,1.0e-8
FidesGN,1700.4385426548083,725.678987673,true,222,318,QNDF,1.0e-8,1.0e-8
FidesBFGS,1695.8218147118428,2668.255091072,true,762,319,QNDF,1.0e-8,1.0e-8
FidesGN,1740.9805142476926,912.155213188,true,242,319,QNDF,1.0e-8,1.0e-8
FidesBFGS,1747.2764938536793,2048.570107598,true,715,320,QNDF,1.0e-8,1.0e-8
FidesGN,1753.5645489619549,347.460563072,true,107,320,QNDF,1.0e-8,1.0e-8
FidesBFGS,1697.9096260843887,2607.219263346,true,803,321,QNDF,1.0e-8,1.0e-8
FidesGN,1689.3503268282689,720.614242391,true,192,321,QNDF,1.0e-8,1.0e-8
FidesBFGS,1694.5074525028972,2607.221029643,true,790,322,QNDF,1.0e-8,1.0e-8
FidesGN,1694.1506617855612,278.434667244,true,93,322,QNDF,1.0e-8,1.0e-8
FidesBFGS,1701.3385148547084,2744.557333989,true,949,323,QNDF,1.0e-8,1.0e-8
FidesGN,1689.3497058454047,812.355911605,true,246,323,QNDF,1.0e-8,1.0e-8
FidesBFGS,2015.710993279698,3402.012718837,true,629,324,QNDF,1.0e-8,1.0e-8
FidesGN,1689.3498952185248,554.616862417,true,169,324,QNDF,1.0e-8,1.0e-8
FidesBFGS,1722.8993910322336,1997.795164925,true,741,325,QNDF,1.0e-8,1.0e-8
FidesGN,1708.1550404444763,644.757733516,true,193,325,QNDF,1.0e-8,1.0e-8
FidesBFGS,6017.8701551382255,134.056678506,true,70,326,QNDF,1.0e-8,1.0e-8
FidesGN,1681.6179542824616,570.751091627,true,187,326,QNDF,1.0e-8,1.0e-8
FidesBFGS,1698.6825884038394,1713.930219961,true,617,327,QNDF,1.0e-8,1.0e-8
FidesGN,1681.677722370288,605.404452733,true,183,327,QNDF,1.0e-8,1.0e-8
FidesBFGS,1687.8019021522377,1634.256314415,true,587,328,QNDF,1.0e-8,1.0e-8
FidesGN,1797.9796580548905,1156.744308379,true,306,328,QNDF,1.0e-8,1.0e-8
FidesBFGS,1713.0398552341394,2296.207541943,true,768,329,QNDF,1.0e-8,1.0e-8
FidesGN,1692.0499510868854,1255.993237711,true,344,329,QNDF,1.0e-8,1.0e-8
FidesBFGS,1739.794854146851,2189.501169087,true,617,330,QNDF,1.0e-8,1.0e-8
FidesGN,1700.4423794253375,464.812275706,true,143,330,QNDF,1.0e-8,1.0e-8
FidesBFGS,1691.5248890764956,2956.173929955,true,786,331,QNDF,1.0e-8,1.0e-8
FidesGN,1805.3914194915124,758.546957965,true,184,331,QNDF,1.0e-8,1.0e-8
FidesBFGS,1767.3452877995123,1539.349064254,true,626,332,QNDF,1.0e-8,1.0e-8
FidesGN,1681.61926174652,305.288198209,true,99,332,QNDF,1.0e-8,1.0e-8
FidesBFGS,1731.321523392332,1941.00377445,true,676,333,QNDF,1.0e-8,1.0e-8
FidesGN,1746.9876799545434,1091.649036989,true,323,333,QNDF,1.0e-8,1.0e-8
FidesBFGS,1711.6378538984118,3089.497954432,true,909,334,QNDF,1.0e-8,1.0e-8
FidesGN,1689.3495441290406,689.240872044,true,193,334,QNDF,1.0e-8,1.0e-8
FidesBFGS,1703.3713093521728,3894.688692977,false,1000,335,QNDF,1.0e-8,1.0e-8
FidesGN,1737.664751677743,827.550603925,true,208,335,QNDF,1.0e-8,1.0e-8
FidesBFGS,1739.0445741617898,3221.414474604,true,703,336,QNDF,1.0e-8,1.0e-8
FidesGN,1729.1731250709595,797.440457624,true,203,336,QNDF,1.0e-8,1.0e-8
FidesBFGS,1713.9597783299369,2461.632183732,true,666,337,QNDF,1.0e-8,1.0e-8
FidesGN,1745.6481560724346,731.07548079,true,153,337,QNDF,1.0e-8,1.0e-8
FidesBFGS,1738.3309385860118,2485.922181011,true,752,338,QNDF,1.0e-8,1.0e-8
FidesGN,1700.899012371731,728.640289756,true,229,338,QNDF,1.0e-8,1.0e-8
FidesBFGS,1726.5251506889738,2094.829526488,true,670,339,QNDF,1.0e-8,1.0e-8
FidesBFGS,1759.5522740096221,1642.644439147,true,585,340,QNDF,1.0e-8,1.0e-8
FidesGN,1700.5937572149016,550.443698643,true,160,340,QNDF,1.0e-8,1.0e-8
FidesBFGS,1768.7076980631189,2383.304184417,true,805,341,QNDF,1.0e-8,1.0e-8
FidesGN,1681.6158291570948,486.604743338,true,164,341,QNDF,1.0e-8,1.0e-8
FidesBFGS,1692.6216789003558,2509.312411215,true,850,342,QNDF,1.0e-8,1.0e-8
FidesGN,1805.4567130528098,633.111119508,true,173,342,QNDF,1.0e-8,1.0e-8
FidesBFGS,1829.7423874261967,3262.989749816,true,814,343,QNDF,1.0e-8,1.0e-8
FidesGN,1737.7057464077616,705.828445015,true,204,343,QNDF,1.0e-8,1.0e-8
FidesBFGS,1705.9427820536143,2140.521891734,true,641,344,QNDF,1.0e-8,1.0e-8
FidesGN,1730.961776219096,461.732566494,true,132,344,QNDF,1.0e-8,1.0e-8
FidesBFGS,1748.3626149170063,1653.122579428,true,657,345,QNDF,1.0e-8,1.0e-8
FidesGN,1798.1081252705885,769.202193947,true,211,345,QNDF,1.0e-8,1.0e-8
FidesBFGS,1732.9925339664771,2685.524207176,true,740,346,QNDF,1.0e-8,1.0e-8
FidesGN,1700.4498054255364,424.538214934,true,135,346,QNDF,1.0e-8,1.0e-8
FidesBFGS,1689.4058528760731,3625.611778565,false,1000,347,QNDF,1.0e-8,1.0e-8
FidesGN,1728.774349731304,1283.813567003,true,345,347,QNDF,1.0e-8,1.0e-8
FidesBFGS,1720.0335826818966,3154.170867348,true,784,348,QNDF,1.0e-8,1.0e-8
FidesGN,1700.4384324208381,960.52030165,true,228,348,QNDF,1.0e-8,1.0e-8
FidesBFGS,1738.7856626871412,3158.292238976,true,818,349,QNDF,1.0e-8,1.0e-8
FidesGN,1729.1896137174306,810.287287729,true,219,349,QNDF,1.0e-8,1.0e-8
FidesBFGS,1947.1930916224842,2638.953585781,true,589,350,QNDF,1.0e-8,1.0e-8
FidesGN,1692.0612184114948,316.157585392,true,88,350,QNDF,1.0e-8,1.0e-8
FidesBFGS,1749.3857887274626,2073.477193548,true,680,351,QNDF,1.0e-8,1.0e-8
FidesGN,1700.447685716247,441.171253287,true,147,351,QNDF,1.0e-8,1.0e-8
FidesBFGS,1723.9196423682215,2074.039424346,true,721,352,QNDF,1.0e-8,1.0e-8
FidesGN,1728.959311769177,1282.242251283,true,355,352,QNDF,1.0e-8,1.0e-8
FidesBFGS,1700.8310646268064,2448.494010302,true,901,353,QNDF,1.0e-8,1.0e-8
FidesGN,1805.3588881494024,812.871729853,true,221,353,QNDF,1.0e-8,1.0e-8
FidesBFGS,1729.7744277780769,2931.773507736,true,712,354,QNDF,1.0e-8,1.0e-8
FidesGN,1700.4381830555249,575.88523707,true,160,354,QNDF,1.0e-8,1.0e-8
FidesBFGS,1762.3521070659413,2161.774160449,true,643,355,QNDF,1.0e-8,1.0e-8
FidesGN,1730.1347003162537,549.702208286,true,125,355,QNDF,1.0e-8,1.0e-8
FidesBFGS,5824.821557433814,169.635898462,true,107,356,QNDF,1.0e-8,1.0e-8
FidesGN,1690.0965192529504,604.601568435,true,178,356,QNDF,1.0e-8,1.0e-8
FidesBFGS,1725.3346707815626,2784.790065227,true,840,357,QNDF,1.0e-8,1.0e-8
FidesGN,1689.3562042785447,1133.177602997,true,272,357,QNDF,1.0e-8,1.0e-8
FidesBFGS,5824.8146780618645,131.49647653,true,111,358,QNDF,1.0e-8,1.0e-8
FidesGN,1746.7986784421869,586.18637515,true,179,358,QNDF,1.0e-8,1.0e-8
FidesBFGS,1774.4375889683156,1263.192560195,true,486,359,QNDF,1.0e-8,1.0e-8
FidesGN,1730.2492879699516,633.92311166,false,177,359,QNDF,1.0e-8,1.0e-8
FidesBFGS,7416.646525276299,92.660453358,true,45,360,QNDF,1.0e-8,1.0e-8
FidesGN,1807.4384514555086,1043.507255231,true,213,360,QNDF,1.0e-8,1.0e-8
FidesBFGS,1690.097359559871,2162.571971732,true,604,361,QNDF,1.0e-8,1.0e-8
FidesGN,1689.349515050436,709.489262099,true,193,361,QNDF,1.0e-8,1.0e-8
FidesBFGS,1786.998650176754,1498.611148764,true,527,362,QNDF,1.0e-8,1.0e-8
FidesGN,1681.6293815696863,433.801358111,true,145,362,QNDF,1.0e-8,1.0e-8
FidesBFGS,1684.934151050186,2062.301219865,true,711,363,QNDF,1.0e-8,1.0e-8
FidesGN,1681.6114228615463,533.631383545,true,175,363,QNDF,1.0e-8,1.0e-8
FidesBFGS,1713.1072640514426,3153.634306878,true,750,364,QNDF,1.0e-8,1.0e-8
FidesGN,1694.143927758783,630.364878461,true,150,364,QNDF,1.0e-8,1.0e-8
FidesBFGS,2155.758891795923,2969.77515207,true,559,365,QNDF,1.0e-8,1.0e-8
FidesGN,1681.6093579862963,374.209436806,true,124,365,QNDF,1.0e-8,1.0e-8
FidesBFGS,1818.4084443790657,1673.532510309,true,565,366,QNDF,1.0e-8,1.0e-8
FidesGN,1729.1722025778636,759.758801768,true,221,366,QNDF,1.0e-8,1.0e-8
FidesBFGS,1692.3030317587384,1999.605311078,true,631,367,QNDF,1.0e-8,1.0e-8
FidesGN,1700.4502353614243,669.184839619,true,186,367,QNDF,1.0e-8,1.0e-8
FidesBFGS,1756.9385839206573,3357.156440847,true,879,368,QNDF,1.0e-8,1.0e-8
FidesGN,1690.0990214085305,929.634249591,true,290,368,QNDF,1.0e-8,1.0e-8
FidesBFGS,1682.686030179834,2475.858012653,true,733,369,QNDF,1.0e-8,1.0e-8
FidesGN,1692.0584492506016,587.516990662,true,185,369,QNDF,1.0e-8,1.0e-8
FidesBFGS,1710.7421885600204,3056.840225412,true,901,370,QNDF,1.0e-8,1.0e-8
FidesGN,1700.4448083531624,692.989892434,true,202,370,QNDF,1.0e-8,1.0e-8
FidesBFGS,1734.6962457731834,1781.006904214,true,654,371,QNDF,1.0e-8,1.0e-8
FidesGN,1711.954754271486,581.509421596,true,179,371,QNDF,1.0e-8,1.0e-8
FidesBFGS,1832.393692623372,2878.569757569,true,736,372,QNDF,1.0e-8,1.0e-8
FidesGN,1729.1875620190726,827.599507766,true,226,372,QNDF,1.0e-8,1.0e-8
FidesBFGS,1708.4774749103372,2053.09318527,true,680,373,QNDF,1.0e-8,1.0e-8
FidesGN,1700.4383391990582,481.032520472,true,139,373,QNDF,1.0e-8,1.0e-8
FidesBFGS,6017.825152195974,54.844925409,true,53,374,QNDF,1.0e-8,1.0e-8
FidesGN,1740.9876297907863,696.557854426,true,191,374,QNDF,1.0e-8,1.0e-8
FidesBFGS,1696.0359001968695,1681.590780983,true,554,375,QNDF,1.0e-8,1.0e-8
FidesGN,1689.355049234347,342.6344288,true,98,375,QNDF,1.0e-8,1.0e-8
FidesBFGS,1686.2711578684593,1955.914370447,true,611,376,QNDF,1.0e-8,1.0e-8
FidesGN,1681.6247012662998,1610.327021695,true,474,376,QNDF,1.0e-8,1.0e-8
FidesBFGS,1770.2596954510695,3702.84100443,true,873,377,QNDF,1.0e-8,1.0e-8
FidesGN,1740.9952891433593,743.081492217,true,194,377,QNDF,1.0e-8,1.0e-8
FidesBFGS,1769.2556218777524,1541.992936977,true,519,378,QNDF,1.0e-8,1.0e-8
FidesGN,1689.3566946154892,325.318464285,true,97,378,QNDF,1.0e-8,1.0e-8
FidesBFGS,1718.734865180607,2206.354447662,true,637,379,QNDF,1.0e-8,1.0e-8
FidesGN,1689.3625150652915,384.506354635,true,113,379,QNDF,1.0e-8,1.0e-8
FidesBFGS,1690.973691623054,2082.701258109,true,668,380,QNDF,1.0e-8,1.0e-8
FidesGN,1689.50197849808,584.042874706,true,114,380,QNDF,1.0e-8,1.0e-8
FidesBFGS,1682.5311347840225,2128.031796557,true,715,381,QNDF,1.0e-8,1.0e-8
FidesGN,1681.6058570830796,291.798114533,true,93,381,QNDF,1.0e-8,1.0e-8
FidesBFGS,1779.3757093725103,2110.949130063,true,626,382,QNDF,1.0e-8,1.0e-8
FidesGN,1798.0905680272376,763.246627097,true,202,382,QNDF,1.0e-8,1.0e-8
FidesBFGS,1721.7741188350005,3020.349233083,false,1000,383,QNDF,1.0e-8,1.0e-8
FidesGN,1700.4381090590423,477.635375276,true,153,383,QNDF,1.0e-8,1.0e-8
FidesBFGS,1690.6723217670312,4304.533236437,true,814,384,QNDF,1.0e-8,1.0e-8
FidesGN,1703.9937868394757,595.00421755,true,123,384,QNDF,1.0e-8,1.0e-8
FidesBFGS,1703.6745589686586,1813.943976895,true,612,385,QNDF,1.0e-8,1.0e-8
FidesGN,1730.2375392879317,471.217391911,true,128,385,QNDF,1.0e-8,1.0e-8
FidesBFGS,1858.7400564198679,1619.061661352,true,552,386,QNDF,1.0e-8,1.0e-8
FidesGN,1700.4403085947683,686.850743177,true,212,386,QNDF,1.0e-8,1.0e-8
FidesBFGS,1757.6141282008443,1816.978755044,true,514,387,QNDF,1.0e-8,1.0e-8
FidesGN,1689.4765938270584,531.694592946,true,144,387,QNDF,1.0e-8,1.0e-8
FidesBFGS,7234.823183089013,33.038731163,true,47,388,QNDF,1.0e-8,1.0e-8
FidesGN,1730.2494174943977,933.090755286,true,254,388,QNDF,1.0e-8,1.0e-8
FidesBFGS,7234.775600916689,71.146890083,true,68,389,QNDF,1.0e-8,1.0e-8
FidesGN,1689.3493829242188,737.232885773,true,216,389,QNDF,1.0e-8,1.0e-8
FidesBFGS,1716.439569844229,2084.387207558,true,689,390,QNDF,1.0e-8,1.0e-8
FidesGN,1700.5903519752,547.520386711,true,174,390,QNDF,1.0e-8,1.0e-8
FidesBFGS,1805.289433557125,2151.390134406,true,763,391,QNDF,1.0e-8,1.0e-8
FidesGN,1729.1916096895493,764.213649359,true,218,391,QNDF,1.0e-8,1.0e-8
FidesBFGS,1746.9274699163502,2179.737941241,true,557,392,QNDF,1.0e-8,1.0e-8
FidesGN,1729.172544501185,818.543746938,false,212,392,QNDF,1.0e-8,1.0e-8
FidesBFGS,1847.581027025074,1277.348012379,true,473,393,QNDF,1.0e-8,1.0e-8
FidesGN,1792.6935599848564,462.667766168,true,141,393,QNDF,1.0e-8,1.0e-8
FidesBFGS,1709.8125062943939,2702.640997471,true,663,394,QNDF,1.0e-8,1.0e-8
FidesGN,1706.0280382519195,1352.41968602,true,396,394,QNDF,1.0e-8,1.0e-8
FidesBFGS,1744.9216367794293,1943.717479865,true,657,395,QNDF,1.0e-8,1.0e-8
FidesGN,1681.7013146994236,453.391559345,true,142,395,QNDF,1.0e-8,1.0e-8
FidesBFGS,1711.482743511668,2345.437412067,true,708,396,QNDF,1.0e-8,1.0e-8
FidesGN,1730.8459832222984,562.051442209,true,163,396,QNDF,1.0e-8,1.0e-8
FidesBFGS,1833.2762562063804,2724.746386973,true,719,397,QNDF,1.0e-8,1.0e-8
FidesGN,1700.5932416157655,781.11615036,true,204,397,QNDF,1.0e-8,1.0e-8
FidesBFGS,1918.717319504752,1614.333886437,true,542,398,QNDF,1.0e-8,1.0e-8
FidesGN,1708.1623138399782,189.459272353,true,61,398,QNDF,1.0e-8,1.0e-8
FidesBFGS,1808.8095491483482,1629.61963495,true,522,399,QNDF,1.0e-8,1.0e-8
FidesGN,1763.3366889543063,816.121824303,true,233,399,QNDF,1.0e-8,1.0e-8
FidesBFGS,1802.9440999698702,2749.687468193,true,794,400,QNDF,1.0e-8,1.0e-8
FidesGN,1807.4143592948292,728.148506871,true,155,400,QNDF,1.0e-8,1.0e-8
FidesBFGS,1706.2401977275663,1970.344842911,true,736,401,QNDF,1.0e-8,1.0e-8
FidesGN,1689.4770956965945,545.633635418,true,160,401,QNDF,1.0e-8,1.0e-8
FidesBFGS,1839.5950025421034,2532.185593365,true,690,402,QNDF,1.0e-8,1.0e-8
FidesGN,1745.873877275378,530.421374971,true,154,402,QNDF,1.0e-8,1.0e-8
FidesBFGS,1796.6619820834312,1684.599061066,true,488,403,QNDF,1.0e-8,1.0e-8
FidesGN,1700.4380699636122,707.766206762,true,211,403,QNDF,1.0e-8,1.0e-8
FidesBFGS,1735.7455065744002,3740.376631568,true,782,404,QNDF,1.0e-8,1.0e-8
FidesGN,3340.157288526339,3143.878289731,false,1000,404,QNDF,1.0e-8,1.0e-8
FidesBFGS,1705.053655545213,1620.601392772,true,518,405,QNDF,1.0e-8,1.0e-8
FidesGN,1690.0956856987923,557.114583401,true,160,405,QNDF,1.0e-8,1.0e-8
FidesBFGS,1759.908325981385,2378.187962706,true,749,406,QNDF,1.0e-8,1.0e-8
FidesGN,1700.5806835557887,394.529866349,true,125,406,QNDF,1.0e-8,1.0e-8
FidesBFGS,1767.173210046,2163.02983695,true,712,407,QNDF,1.0e-8,1.0e-8
FidesGN,1700.9122153715477,329.459084014,true,112,407,QNDF,1.0e-8,1.0e-8
FidesBFGS,1779.8330841998732,3003.936550713,true,653,408,QNDF,1.0e-8,1.0e-8
FidesGN,1689.350182273155,970.93186814,true,278,408,QNDF,1.0e-8,1.0e-8
FidesBFGS,1766.016469192854,3414.149718915,true,839,409,QNDF,1.0e-8,1.0e-8
FidesGN,1700.440114285343,552.075365751,true,162,409,QNDF,1.0e-8,1.0e-8
FidesBFGS,1755.0193991706556,2124.966107952,true,657,410,QNDF,1.0e-8,1.0e-8
FidesGN,1729.173764576594,988.487932411,true,247,410,QNDF,1.0e-8,1.0e-8
FidesBFGS,1755.7708976596405,1890.888241897,true,725,411,QNDF,1.0e-8,1.0e-8
FidesGN,1681.717170993602,336.717617021,true,112,411,QNDF,1.0e-8,1.0e-8
FidesBFGS,1716.1241302380288,1669.508629868,true,571,412,QNDF,1.0e-8,1.0e-8
FidesGN,1681.6063947808093,535.467089131,true,162,412,QNDF,1.0e-8,1.0e-8
FidesBFGS,1752.145533652679,2392.486496771,true,737,413,QNDF,1.0e-8,1.0e-8
FidesGN,1798.1119710014711,711.682558761,true,189,413,QNDF,1.0e-8,1.0e-8
FidesBFGS,1812.51107521241,1634.223722601,true,504,414,QNDF,1.0e-8,1.0e-8
FidesGN,1689.3550098851786,880.644174114,true,173,414,QNDF,1.0e-8,1.0e-8
FidesBFGS,1811.2037591378612,3095.272372015,true,858,415,QNDF,1.0e-8,1.0e-8
FidesGN,1798.1867882090296,509.583134761,true,138,415,QNDF,1.0e-8,1.0e-8
FidesBFGS,1732.6434091956853,2142.407064971,true,670,416,QNDF,1.0e-8,1.0e-8
FidesGN,1693.2196024843765,273.182630488,true,80,416,QNDF,1.0e-8,1.0e-8
FidesBFGS,1752.619753787253,1873.478773498,true,587,417,QNDF,1.0e-8,1.0e-8
FidesGN,1689.3492027750326,634.697658653,true,178,417,QNDF,1.0e-8,1.0e-8
FidesBFGS,1706.7178565821782,1839.831308673,true,636,418,QNDF,1.0e-8,1.0e-8
FidesGN,1681.6939508826508,462.770362991,true,163,418,QNDF,1.0e-8,1.0e-8
FidesBFGS,1684.9625678779507,1607.944571117,true,564,419,QNDF,1.0e-8,1.0e-8
FidesGN,1681.6058756627885,426.683562177,true,131,419,QNDF,1.0e-8,1.0e-8
FidesBFGS,1703.9908507305925,2300.170846728,true,761,420,QNDF,1.0e-8,1.0e-8
FidesGN,1700.4453310939955,487.658597839,true,151,420,QNDF,1.0e-8,1.0e-8
FidesBFGS,1776.1943746028094,2594.363452184,true,634,421,QNDF,1.0e-8,1.0e-8
FidesGN,1732.2857650039464,563.417839718,true,152,421,QNDF,1.0e-8,1.0e-8
FidesBFGS,1682.312176971344,2310.941999197,true,736,422,QNDF,1.0e-8,1.0e-8
FidesGN,1693.2191795463343,580.649947099,true,169,422,QNDF,1.0e-8,1.0e-8
FidesBFGS,1710.9618294121065,2185.774960959,true,706,423,QNDF,1.0e-8,1.0e-8
FidesGN,1690.106848710362,423.518140156,true,123,423,QNDF,1.0e-8,1.0e-8
FidesBFGS,1750.0968574751264,2360.652540272,true,653,424,QNDF,1.0e-8,1.0e-8
FidesGN,1689.3497283917077,508.545335803,true,161,424,QNDF,1.0e-8,1.0e-8
FidesBFGS,5824.813507970772,49.375772332,true,103,425,QNDF,1.0e-8,1.0e-8
FidesGN,1681.6088390604127,621.511138367,true,201,425,QNDF,1.0e-8,1.0e-8
FidesBFGS,1718.437997571316,2577.635775423,true,746,426,QNDF,1.0e-8,1.0e-8
FidesGN,1729.191500559457,1025.51661535,true,286,426,QNDF,1.0e-8,1.0e-8
FidesBFGS,1757.5948516959652,2724.333105476,true,898,427,QNDF,1.0e-8,1.0e-8
FidesGN,1777.1789776033393,492.350163902,true,160,427,QNDF,1.0e-8,1.0e-8
FidesBFGS,1764.094654619666,1957.790055807,true,598,428,QNDF,1.0e-8,1.0e-8
FidesGN,1700.4491391035904,602.289629228,true,171,428,QNDF,1.0e-8,1.0e-8
FidesBFGS,1695.9195926183074,2449.628006876,true,929,429,QNDF,1.0e-8,1.0e-8
FidesGN,1712.3953060468857,730.892986646,true,213,429,QNDF,1.0e-8,1.0e-8
FidesBFGS,1703.3733641608965,1774.377678714,true,657,430,QNDF,1.0e-8,1.0e-8
FidesGN,1689.3493113674426,586.290436258,false,157,430,QNDF,1.0e-8,1.0e-8
FidesBFGS,1690.87151985573,1680.151293056,true,571,431,QNDF,1.0e-8,1.0e-8
FidesGN,1769.406562482649,319.691847736,true,91,431,QNDF,1.0e-8,1.0e-8
FidesBFGS,1749.3275370035096,2545.798007262,true,810,432,QNDF,1.0e-8,1.0e-8
FidesGN,1689.3499936996548,572.072320467,true,171,432,QNDF,1.0e-8,1.0e-8
FidesBFGS,1682.6452309414483,2567.989597575,true,895,433,QNDF,1.0e-8,1.0e-8
FidesGN,1681.6207266467363,366.387618366,true,123,433,QNDF,1.0e-8,1.0e-8
FidesBFGS,1732.1511952204762,2524.531691273,true,862,434,QNDF,1.0e-8,1.0e-8
FidesGN,1681.6083661580055,688.492315596,true,200,434,QNDF,1.0e-8,1.0e-8
FidesBFGS,1684.0885042850787,2444.743664738,true,758,435,QNDF,1.0e-8,1.0e-8
FidesGN,1681.6148192558858,386.039655117,true,129,435,QNDF,1.0e-8,1.0e-8
FidesBFGS,1757.8430739366424,2106.019497996,true,727,436,QNDF,1.0e-8,1.0e-8
FidesGN,1797.961244635408,704.535658487,true,186,436,QNDF,1.0e-8,1.0e-8
FidesBFGS,1835.2651967478218,1752.663318103,true,639,437,QNDF,1.0e-8,1.0e-8
FidesGN,1700.4498097963583,360.789452618,true,119,437,QNDF,1.0e-8,1.0e-8
FidesBFGS,1684.0561995347052,2559.867360493,true,844,438,QNDF,1.0e-8,1.0e-8
FidesGN,1700.4383292830435,617.238137126,true,159,438,QNDF,1.0e-8,1.0e-8
FidesBFGS,1739.91467656693,3415.337696422,true,969,439,QNDF,1.0e-8,1.0e-8
FidesGN,1700.4509613752703,456.241940166,true,132,439,QNDF,1.0e-8,1.0e-8
FidesBFGS,1856.3064179799017,2590.868380033,true,681,440,QNDF,1.0e-8,1.0e-8
FidesGN,1736.5572344042794,534.583152963,true,131,440,QNDF,1.0e-8,1.0e-8
FidesBFGS,1689.7023363970047,1787.896849831,true,638,441,QNDF,1.0e-8,1.0e-8
FidesGN,1689.3660884783044,360.054647266,true,113,441,QNDF,1.0e-8,1.0e-8
FidesBFGS,1753.8023508858541,2031.397779379,true,694,442,QNDF,1.0e-8,1.0e-8
FidesGN,1700.5926644088904,477.301957063,true,151,442,QNDF,1.0e-8,1.0e-8
FidesBFGS,1725.5653744511073,1988.600935062,true,647,443,QNDF,1.0e-8,1.0e-8
FidesGN,1730.955419314116,787.382218767,true,228,443,QNDF,1.0e-8,1.0e-8
FidesBFGS,2037.046909761708,3339.426117187,true,552,444,QNDF,1.0e-8,1.0e-8
FidesGN,1736.8843860985025,380.2204691,true,121,444,QNDF,1.0e-8,1.0e-8
FidesBFGS,1827.168176615899,1653.608840483,true,577,445,QNDF,1.0e-8,1.0e-8
FidesGN,1762.9243409934568,461.562275077,true,125,445,QNDF,1.0e-8,1.0e-8
FidesBFGS,1684.8088898978815,2521.912571273,true,775,446,QNDF,1.0e-8,1.0e-8
FidesGN,1711.9205131133194,628.993769441,true,134,446,QNDF,1.0e-8,1.0e-8
FidesBFGS,1821.4381026199985,2894.417391441,true,690,447,QNDF,1.0e-8,1.0e-8
FidesGN,1690.1021818626014,769.129506224,true,218,447,QNDF,1.0e-8,1.0e-8
FidesBFGS,1931.6639295140778,1704.332639463,true,673,448,QNDF,1.0e-8,1.0e-8
FidesGN,1700.4382493417488,599.868830241,true,167,448,QNDF,1.0e-8,1.0e-8
FidesBFGS,1697.402487511174,3573.287503961,false,1000,449,QNDF,1.0e-8,1.0e-8
FidesGN,1740.9946330535186,661.190597503,true,187,449,QNDF,1.0e-8,1.0e-8
FidesBFGS,1767.7993285850962,3780.308704637,true,860,450,QNDF,1.0e-8,1.0e-8
FidesGN,1730.9556276083003,578.298422208,true,180,450,QNDF,1.0e-8,1.0e-8
FidesBFGS,1799.5253597062201,1565.29508135,true,582,451,QNDF,1.0e-8,1.0e-8
FidesGN,1797.883785114786,1129.910768927,true,279,451,QNDF,1.0e-8,1.0e-8
FidesBFGS,1717.5181418480392,2527.240232757,true,708,452,QNDF,1.0e-8,1.0e-8
FidesGN,1681.6222882380607,682.856073594,true,223,452,QNDF,1.0e-8,1.0e-8
FidesBFGS,1756.2139240332544,1719.564106764,true,643,453,QNDF,1.0e-8,1.0e-8
FidesGN,1681.6185248079944,474.884754354,true,149,453,QNDF,1.0e-8,1.0e-8
FidesBFGS,1809.185001397108,1958.99348426,true,696,454,QNDF,1.0e-8,1.0e-8
FidesGN,1681.8709437946554,424.611968523,true,133,454,QNDF,1.0e-8,1.0e-8
FidesBFGS,1732.1314296523647,2773.888169365,true,583,455,QNDF,1.0e-8,1.0e-8
FidesGN,1681.7559032417378,511.941751218,true,125,455,QNDF,1.0e-8,1.0e-8
FidesBFGS,1757.6646508978547,2608.299268947,true,776,456,QNDF,1.0e-8,1.0e-8
FidesGN,1729.1934168314988,929.361600306,true,240,456,QNDF,1.0e-8,1.0e-8
FidesBFGS,1740.8230189337437,3741.13543519,true,811,457,QNDF,1.0e-8,1.0e-8
FidesGN,1703.977321419381,392.367815568,true,103,457,QNDF,1.0e-8,1.0e-8
FidesBFGS,4848.336593072542,179.804952558,true,65,458,QNDF,1.0e-8,1.0e-8
FidesGN,1700.4488818921732,228.827469957,true,75,458,QNDF,1.0e-8,1.0e-8
FidesBFGS,1753.7339561809101,2675.735643736,true,869,459,QNDF,1.0e-8,1.0e-8
FidesGN,1700.4534711215442,370.878030744,true,125,459,QNDF,1.0e-8,1.0e-8
FidesBFGS,1709.0880796227616,1956.06471456,true,721,460,QNDF,1.0e-8,1.0e-8
FidesGN,1693.2191167543317,330.788810001,true,112,460,QNDF,1.0e-8,1.0e-8
FidesBFGS,1767.4022293110907,2345.615755817,true,699,461,QNDF,1.0e-8,1.0e-8
FidesGN,1737.6962281263013,566.385156019,true,146,461,QNDF,1.0e-8,1.0e-8
FidesBFGS,1803.3353200610416,1858.412504307,true,666,462,QNDF,1.0e-8,1.0e-8
FidesGN,1682.0938339569489,396.540405998,true,133,462,QNDF,1.0e-8,1.0e-8
FidesBFGS,1829.7280311626118,1851.466386258,true,500,463,QNDF,1.0e-8,1.0e-8
FidesGN,1729.3980327223378,1011.182232763,true,250,463,QNDF,1.0e-8,1.0e-8
FidesBFGS,1684.247716900645,2047.076112314,true,792,464,QNDF,1.0e-8,1.0e-8
FidesGN,1681.6123227382561,588.990733554,true,173,464,QNDF,1.0e-8,1.0e-8
FidesBFGS,1711.5616704568804,1688.623433632,true,614,465,QNDF,1.0e-8,1.0e-8
FidesGN,1700.4382858964914,529.895024639,true,160,465,QNDF,1.0e-8,1.0e-8
FidesBFGS,1779.3338314938812,2037.837947842,true,734,466,QNDF,1.0e-8,1.0e-8
FidesGN,1693.2196870561527,375.190700604,true,124,466,QNDF,1.0e-8,1.0e-8
FidesBFGS,1704.0910853915093,2160.461279798,true,692,467,QNDF,1.0e-8,1.0e-8
FidesGN,1689.3531289435145,368.87058146,true,113,467,QNDF,1.0e-8,1.0e-8
FidesBFGS,1708.9746119966997,2385.941941479,true,701,468,QNDF,1.0e-8,1.0e-8
FidesGN,1700.4521557336225,705.052255924,true,215,468,QNDF,1.0e-8,1.0e-8
FidesBFGS,1690.2818739222935,1809.565121874,true,678,469,QNDF,1.0e-8,1.0e-8
FidesGN,1681.6138037102182,514.552334941,true,158,469,QNDF,1.0e-8,1.0e-8
FidesBFGS,1775.3948203607963,2420.145490319,true,806,470,QNDF,1.0e-8,1.0e-8
FidesGN,1740.888014973805,2708.486662403,true,467,470,QNDF,1.0e-8,1.0e-8
FidesBFGS,1694.8757997719085,1743.226596635,true,664,471,QNDF,1.0e-8,1.0e-8
FidesGN,1693.2189914611374,735.0621552,true,193,471,QNDF,1.0e-8,1.0e-8
FidesBFGS,1736.011593457532,2103.594313854,true,695,472,QNDF,1.0e-8,1.0e-8
FidesGN,1736.5512426535759,274.920952806,true,86,472,QNDF,1.0e-8,1.0e-8
FidesBFGS,1739.6030154979885,2947.079658928,true,780,473,QNDF,1.0e-8,1.0e-8
FidesGN,1693.2189679205535,591.590289717,true,169,473,QNDF,1.0e-8,1.0e-8
FidesBFGS,5824.814980485124,176.687598749,true,111,474,QNDF,1.0e-8,1.0e-8
FidesGN,1706.7903622639953,491.136437878,true,130,474,QNDF,1.0e-8,1.0e-8
FidesBFGS,1703.9902997534568,1992.848490379,true,848,475,QNDF,1.0e-8,1.0e-8
FidesGN,1689.7659443790012,620.305405916,true,182,475,QNDF,1.0e-8,1.0e-8
FidesBFGS,1741.8981801550358,1675.610738409,true,588,476,QNDF,1.0e-8,1.0e-8
FidesGN,1714.0404061139943,411.722676909,true,127,476,QNDF,1.0e-8,1.0e-8
FidesBFGS,1701.1768316259295,2147.119986891,true,763,477,QNDF,1.0e-8,1.0e-8
FidesGN,1681.7046466540678,316.161689709,true,109,477,QNDF,1.0e-8,1.0e-8
FidesBFGS,1691.3307926239065,1887.812872175,true,660,478,QNDF,1.0e-8,1.0e-8
FidesGN,1681.616351625108,473.485736431,true,146,478,QNDF,1.0e-8,1.0e-8
FidesBFGS,1712.2675413578686,1533.524090007,true,523,479,QNDF,1.0e-8,1.0e-8
FidesGN,1740.6844577277916,833.170296851,true,216,479,QNDF,1.0e-8,1.0e-8
FidesBFGS,1778.1146535557284,3123.521575565,true,647,480,QNDF,1.0e-8,1.0e-8
FidesGN,1730.7383067774144,460.156560902,true,116,480,QNDF,1.0e-8,1.0e-8
FidesBFGS,1734.5102624329197,2927.260425353,true,739,481,QNDF,1.0e-8,1.0e-8
FidesGN,1693.2191458087923,478.027362927,true,158,481,QNDF,1.0e-8,1.0e-8
FidesBFGS,1748.3888921397568,1794.977721652,true,631,482,QNDF,1.0e-8,1.0e-8
FidesGN,1700.9052283833098,229.816165347,true,80,482,QNDF,1.0e-8,1.0e-8
FidesBFGS,1704.8699524522285,2561.381321185,true,632,483,QNDF,1.0e-8,1.0e-8
FidesGN,1729.1726856403288,763.685857042,true,201,483,QNDF,1.0e-8,1.0e-8
FidesBFGS,2227.4443025141954,2865.302587301,true,576,484,QNDF,1.0e-8,1.0e-8
FidesGN,1681.6121664651218,687.00896232,true,159,484,QNDF,1.0e-8,1.0e-8
FidesBFGS,1693.075675610925,1929.249100106,true,677,485,QNDF,1.0e-8,1.0e-8
FidesGN,1681.6163421896622,584.11908755,true,192,485,QNDF,1.0e-8,1.0e-8
FidesBFGS,1718.005511250135,2849.312310272,true,756,486,QNDF,1.0e-8,1.0e-8
FidesGN,1730.2490423244465,808.330222991,true,220,486,QNDF,1.0e-8,1.0e-8
FidesBFGS,2015.5400751655034,3163.985964378,true,804,487,QNDF,1.0e-8,1.0e-8
FidesGN,1700.4385351392916,654.68717407,true,204,487,QNDF,1.0e-8,1.0e-8
FidesBFGS,1750.7034935558177,3608.641404824,true,737,488,QNDF,1.0e-8,1.0e-8
FidesGN,1736.8142709640142,947.281779461,true,202,488,QNDF,1.0e-8,1.0e-8
FidesBFGS,1743.7090496746132,2290.410932884,true,663,489,QNDF,1.0e-8,1.0e-8
FidesGN,1690.0950362835256,527.60108628,true,157,489,QNDF,1.0e-8,1.0e-8
FidesBFGS,1704.8814059292176,1689.766144454,true,642,490,QNDF,1.0e-8,1.0e-8
FidesGN,1681.8686532648067,366.889047191,true,129,490,QNDF,1.0e-8,1.0e-8
FidesBFGS,1952.9813394601274,1666.558988964,true,709,491,QNDF,1.0e-8,1.0e-8
FidesGN,1681.6058834055352,618.334982254,true,190,491,QNDF,1.0e-8,1.0e-8
FidesBFGS,1778.4726459618405,1925.684585043,true,603,492,QNDF,1.0e-8,1.0e-8
FidesGN,1737.6725452098485,675.237844008,true,195,492,QNDF,1.0e-8,1.0e-8
FidesBFGS,1738.0116364586934,2283.315611832,true,684,493,QNDF,1.0e-8,1.0e-8
FidesGN,1700.4384809953722,663.401901753,true,217,493,QNDF,1.0e-8,1.0e-8
FidesBFGS,1696.0366071845533,4710.434841752,false,1000,494,QNDF,1.0e-8,1.0e-8
FidesGN,1689.3496327424873,639.056652418,true,199,494,QNDF,1.0e-8,1.0e-8
FidesBFGS,1808.4805004176972,2678.000087016,true,672,495,QNDF,1.0e-8,1.0e-8
FidesGN,1728.7658156745797,1457.103714404,true,352,495,QNDF,1.0e-8,1.0e-8
FidesBFGS,1708.7572432831907,1750.299692157,true,571,496,QNDF,1.0e-8,1.0e-8
FidesGN,1693.219105842023,427.524183591,true,130,496,QNDF,1.0e-8,1.0e-8
FidesBFGS,1727.1889461688843,1938.026945709,true,739,497,QNDF,1.0e-8,1.0e-8
FidesGN,1681.6543580105354,280.152598602,true,98,497,QNDF,1.0e-8,1.0e-8
FidesBFGS,1713.1664472221332,2659.618540526,true,893,498,QNDF,1.0e-8,1.0e-8
FidesGN,1681.6106406798935,376.249933517,true,135,498,QNDF,1.0e-8,1.0e-8
FidesBFGS,1731.0128243670592,2859.106555173,true,944,499,QNDF,1.0e-8,1.0e-8
FidesGN,1729.2138913968843,889.490001998,true,232,499,QNDF,1.0e-8,1.0e-8
FidesBFGS,1687.9431725295701,2123.898867666,true,784,500,QNDF,1.0e-8,1.0e-8
FidesGN,1693.218968424948,355.244881059,true,121,500,QNDF,1.0e-8,1.0e-8
FidesBFGS,1700.4190303515688,2036.081798541,true,641,501,QNDF,1.0e-8,1.0e-8
FidesGN,1689.3542463768476,1388.120720588,true,271,501,QNDF,1.0e-8,1.0e-8
FidesBFGS,1989.6392089776352,1866.830733065,true,599,502,QNDF,1.0e-8,1.0e-8
FidesGN,2285.8432143161394,3598.831726858,false,1000,502,QNDF,1.0e-8,1.0e-8
FidesBFGS,1705.9050171361616,4581.523205704,false,1000,503,QNDF,1.0e-8,1.0e-8
FidesGN,1729.3000424937907,899.38356954,true,244,503,QNDF,1.0e-8,1.0e-8
FidesBFGS,2008.0939863127246,1907.614709554,true,617,504,QNDF,1.0e-8,1.0e-8
FidesGN,1690.0958090997813,838.775459857,true,245,504,QNDF,1.0e-8,1.0e-8
FidesBFGS,1777.8490222097303,1794.82886308,true,594,505,QNDF,1.0e-8,1.0e-8
FidesGN,1740.8815225900528,776.566151695,true,217,505,QNDF,1.0e-8,1.0e-8
FidesBFGS,1700.6889003925407,4642.777306703,true,731,506,QNDF,1.0e-8,1.0e-8
FidesGN,1689.4790205172708,533.487605603,true,141,506,QNDF,1.0e-8,1.0e-8
FidesBFGS,1709.4654177148725,2030.458236513,true,800,507,QNDF,1.0e-8,1.0e-8
FidesGN,1700.4395656044203,1153.839854083,true,338,507,QNDF,1.0e-8,1.0e-8
FidesBFGS,1770.7513106678275,2589.217934027,true,732,508,QNDF,1.0e-8,1.0e-8
FidesGN,1689.349762756076,369.049207325,true,116,508,QNDF,1.0e-8,1.0e-8
FidesBFGS,1719.4537950176123,2669.318422103,true,770,509,QNDF,1.0e-8,1.0e-8
FidesGN,1711.3663806522104,684.952663559,true,178,509,QNDF,1.0e-8,1.0e-8
FidesBFGS,1753.2232814912472,2450.704172809,true,860,510,QNDF,1.0e-8,1.0e-8
FidesGN,1712.359506624699,450.909669384,true,143,510,QNDF,1.0e-8,1.0e-8
FidesBFGS,1709.254548433109,3781.399088148,true,726,511,QNDF,1.0e-8,1.0e-8
FidesGN,1729.1879534660322,821.685038915,true,191,511,QNDF,1.0e-8,1.0e-8
FidesBFGS,1749.1011975146532,2875.570772961,false,728,512,QNDF,1.0e-8,1.0e-8
FidesGN,1729.1879326405315,938.645254843,true,241,512,QNDF,1.0e-8,1.0e-8
FidesBFGS,1698.5466302298037,2626.625058588,true,846,513,QNDF,1.0e-8,1.0e-8
FidesGN,1689.349493542466,857.83523247,true,250,513,QNDF,1.0e-8,1.0e-8
FidesBFGS,5824.814688805018,164.991875537,true,127,514,QNDF,1.0e-8,1.0e-8
FidesGN,1700.4471818589282,454.350981821,true,139,514,QNDF,1.0e-8,1.0e-8
FidesBFGS,1687.378673417346,2956.359142036,true,895,515,QNDF,1.0e-8,1.0e-8
FidesGN,1690.1043509783271,2593.226589752,true,548,515,QNDF,1.0e-8,1.0e-8
FidesBFGS,1731.507757449041,2607.363771567,true,731,516,QNDF,1.0e-8,1.0e-8
FidesGN,1760.856004571639,450.411108507,true,135,516,QNDF,1.0e-8,1.0e-8
FidesBFGS,2048.1870670691924,2725.241452139,true,454,517,QNDF,1.0e-8,1.0e-8
FidesGN,1700.8990768114331,583.972650269,true,192,517,QNDF,1.0e-8,1.0e-8
FidesBFGS,1691.7444926326061,1927.28288257,true,615,518,QNDF,1.0e-8,1.0e-8
FidesGN,1693.2189671088645,435.207948787,true,129,518,QNDF,1.0e-8,1.0e-8
FidesBFGS,1761.5504225039485,2141.857073536,true,683,519,QNDF,1.0e-8,1.0e-8
FidesGN,1693.2198886092033,559.159766324,true,142,519,QNDF,1.0e-8,1.0e-8
FidesBFGS,1758.7299447636833,2293.650131201,true,694,520,QNDF,1.0e-8,1.0e-8
FidesGN,1729.27316233054,875.650074082,true,240,520,QNDF,1.0e-8,1.0e-8
FidesBFGS,1694.8826579550837,3093.295893456,true,904,521,QNDF,1.0e-8,1.0e-8
FidesGN,1689.7500480404387,961.792615082,true,289,521,QNDF,1.0e-8,1.0e-8
FidesBFGS,1834.7643076276695,1955.841856784,true,695,522,QNDF,1.0e-8,1.0e-8
FidesGN,1681.7363245359747,397.241446825,true,125,522,QNDF,1.0e-8,1.0e-8
FidesBFGS,1685.0339409408973,2026.106373658,true,732,523,QNDF,1.0e-8,1.0e-8
FidesGN,1725.4650952738712,661.620921602,true,209,523,QNDF,1.0e-8,1.0e-8
FidesBFGS,2268.9173727688185,3134.160866629,true,603,524,QNDF,1.0e-8,1.0e-8
FidesGN,1730.248470211965,805.639457075,true,222,524,QNDF,1.0e-8,1.0e-8
FidesBFGS,1764.17552767835,1995.714019014,true,708,525,QNDF,1.0e-8,1.0e-8
FidesGN,1689.3497150350545,639.936002266,true,183,525,QNDF,1.0e-8,1.0e-8
FidesBFGS,1788.0370750546808,1810.373790929,true,656,526,QNDF,1.0e-8,1.0e-8
FidesGN,1681.6176084817562,463.589805856,true,151,526,QNDF,1.0e-8,1.0e-8
FidesBFGS,1726.331165129142,3926.084817129,true,717,527,QNDF,1.0e-8,1.0e-8
FidesGN,1729.188446514927,1204.739267602,true,279,527,QNDF,1.0e-8,1.0e-8
FidesBFGS,1749.2245548905335,2185.695999298,true,761,528,QNDF,1.0e-8,1.0e-8
FidesGN,1681.8668865017598,246.066969954,true,82,528,QNDF,1.0e-8,1.0e-8
FidesBFGS,1743.6511845704194,1814.941984203,true,529,529,QNDF,1.0e-8,1.0e-8
FidesGN,1681.612692187955,428.942685852,true,134,529,QNDF,1.0e-8,1.0e-8
FidesBFGS,1738.3043483339684,2885.131407605,true,821,530,QNDF,1.0e-8,1.0e-8
FidesGN,1700.5876227752149,570.597764293,true,164,530,QNDF,1.0e-8,1.0e-8
FidesBFGS,1790.8831474424614,1528.330671012,true,524,531,QNDF,1.0e-8,1.0e-8
FidesGN,1700.8989043852694,381.372976792,false,121,531,QNDF,1.0e-8,1.0e-8
FidesBFGS,1752.0007845032446,2579.993073009,true,833,532,QNDF,1.0e-8,1.0e-8
FidesGN,1725.3630834713858,533.749676323,true,172,532,QNDF,1.0e-8,1.0e-8
FidesBFGS,1836.6638882982322,4101.895800437,true,916,533,QNDF,1.0e-8,1.0e-8
FidesGN,1700.4514681208043,789.142233977,true,192,533,QNDF,1.0e-8,1.0e-8
FidesBFGS,1775.5040614365398,1719.065697331,true,621,534,QNDF,1.0e-8,1.0e-8
FidesGN,1689.3497112249252,444.022592335,true,137,534,QNDF,1.0e-8,1.0e-8
FidesBFGS,1708.2831739347112,1662.835405967,true,608,535,QNDF,1.0e-8,1.0e-8
FidesGN,1746.9894778821936,1278.831763786,true,373,535,QNDF,1.0e-8,1.0e-8
FidesBFGS,1792.6278034090142,1881.09279979,true,662,536,QNDF,1.0e-8,1.0e-8
FidesGN,1681.611057538387,491.488339721,true,176,536,QNDF,1.0e-8,1.0e-8
FidesBFGS,8826.756156926198,21.579202134,true,37,537,QNDF,1.0e-8,1.0e-8
FidesGN,1730.1954173157885,940.840187821,true,271,537,QNDF,1.0e-8,1.0e-8
FidesBFGS,1806.6831570656793,2314.097064199,true,637,538,QNDF,1.0e-8,1.0e-8
FidesGN,1730.2480725425853,927.260027028,true,272,538,QNDF,1.0e-8,1.0e-8
FidesBFGS,6249.126823385978,264.829567061,false,64,539,QNDF,1.0e-8,1.0e-8
FidesGN,1693.2199416718156,548.296014948,true,162,539,QNDF,1.0e-8,1.0e-8
FidesBFGS,4897.560850262283,464.278667625,true,134,540,QNDF,1.0e-8,1.0e-8
FidesGN,1730.2487273737447,997.002372259,true,270,540,QNDF,1.0e-8,1.0e-8
FidesBFGS,1776.168084377185,1562.24276172,true,660,541,QNDF,1.0e-8,1.0e-8
FidesGN,1681.6253071231906,323.690790359,true,113,541,QNDF,1.0e-8,1.0e-8
FidesBFGS,1711.6200312414876,1890.921618392,true,674,542,QNDF,1.0e-8,1.0e-8
FidesGN,1729.8947944976894,1306.719307255,true,350,542,QNDF,1.0e-8,1.0e-8
FidesBFGS,1703.6279368690894,2827.727289225,true,675,543,QNDF,1.0e-8,1.0e-8
FidesGN,1728.9487306952462,1426.598512301,true,371,543,QNDF,1.0e-8,1.0e-8
FidesBFGS,1749.346257796072,1641.343215521,true,616,544,QNDF,1.0e-8,1.0e-8
FidesGN,1729.1886895729,727.58277893,true,212,544,QNDF,1.0e-8,1.0e-8
FidesBFGS,2068.2005377983423,1907.326472932,true,604,545,QNDF,1.0e-8,1.0e-8
FidesGN,1747.1865724898726,359.470043416,true,100,545,QNDF,1.0e-8,1.0e-8
FidesBFGS,1761.3033374848628,2532.647712159,true,773,546,QNDF,1.0e-8,1.0e-8
FidesGN,1729.196527168991,889.284820182,true,214,546,QNDF,1.0e-8,1.0e-8
FidesBFGS,1764.5816511418452,1728.185387645,true,642,547,QNDF,1.0e-8,1.0e-8
FidesGN,1700.4382527251523,707.601533008,true,211,547,QNDF,1.0e-8,1.0e-8
FidesBFGS,1706.0290974356458,3297.133876618,true,772,548,QNDF,1.0e-8,1.0e-8
FidesGN,1681.608354613238,557.145750577,true,157,548,QNDF,1.0e-8,1.0e-8
FidesBFGS,1737.0946231094458,2573.271632759,true,599,549,QNDF,1.0e-8,1.0e-8
FidesGN,1693.2190022536442,615.726771325,true,175,549,QNDF,1.0e-8,1.0e-8
FidesBFGS,1684.1230418664925,1991.713413565,true,726,550,QNDF,1.0e-8,1.0e-8
FidesGN,1681.630076550139,443.349871371,true,112,550,QNDF,1.0e-8,1.0e-8
FidesBFGS,1809.6066122668913,1222.438463438,true,483,551,QNDF,1.0e-8,1.0e-8
FidesGN,1681.6144832233915,463.913836701,true,154,551,QNDF,1.0e-8,1.0e-8
FidesBFGS,1750.2196070822315,1737.058033585,true,574,552,QNDF,1.0e-8,1.0e-8
FidesGN,1746.0451519875392,338.417376039,true,91,552,QNDF,1.0e-8,1.0e-8
FidesBFGS,1708.0453747967724,3417.086182824,true,901,553,QNDF,1.0e-8,1.0e-8
FidesGN,1737.688344230652,660.302263568,true,182,553,QNDF,1.0e-8,1.0e-8
FidesBFGS,1706.7961282123333,2376.858163073,false,685,554,QNDF,1.0e-8,1.0e-8
FidesGN,1746.804016704305,698.516905339,true,207,554,QNDF,1.0e-8,1.0e-8
FidesBFGS,1715.5142353495198,1858.126794077,true,671,555,QNDF,1.0e-8,1.0e-8
FidesGN,1746.8107833603333,1213.405877093,true,359,555,QNDF,1.0e-8,1.0e-8
FidesBFGS,1764.213709388654,3207.982891483,true,840,556,QNDF,1.0e-8,1.0e-8
FidesGN,1689.3499767323588,880.107008729,true,250,556,QNDF,1.0e-8,1.0e-8
FidesBFGS,1757.9511537267035,1960.420276146,true,673,557,QNDF,1.0e-8,1.0e-8
FidesGN,1681.6220199287695,523.805177517,true,165,557,QNDF,1.0e-8,1.0e-8
FidesBFGS,1732.158528595791,2703.099282696,true,751,558,QNDF,1.0e-8,1.0e-8
FidesGN,1729.1741445863074,813.118996936,true,231,558,QNDF,1.0e-8,1.0e-8
FidesBFGS,1820.87633921479,1992.664100927,true,703,559,QNDF,1.0e-8,1.0e-8
FidesGN,1737.689659473539,754.909091897,true,212,559,QNDF,1.0e-8,1.0e-8
FidesBFGS,1701.5487343217014,3131.592381303,true,858,560,QNDF,1.0e-8,1.0e-8
FidesGN,1730.1886932154189,582.665881845,true,169,560,QNDF,1.0e-8,1.0e-8
FidesBFGS,1698.6295366551963,2252.914366125,true,767,561,QNDF,1.0e-8,1.0e-8
FidesGN,1681.615413635253,490.045479264,true,151,561,QNDF,1.0e-8,1.0e-8
FidesBFGS,1703.5968522257176,2620.136165688,true,715,562,QNDF,1.0e-8,1.0e-8
FidesGN,1736.8843951539225,523.029654071,true,151,562,QNDF,1.0e-8,1.0e-8
FidesBFGS,5824.814379287362,58.427511872,true,70,563,QNDF,1.0e-8,1.0e-8
FidesGN,1692.0563915256841,440.575377238,true,134,563,QNDF,1.0e-8,1.0e-8
FidesBFGS,1690.1196341555617,2034.093638783,true,682,564,QNDF,1.0e-8,1.0e-8
FidesGN,1689.349233564988,578.706553885,true,164,564,QNDF,1.0e-8,1.0e-8
FidesBFGS,1710.3912052789522,3612.146887785,true,960,565,QNDF,1.0e-8,1.0e-8
FidesGN,1746.9704229801805,474.59100456,true,147,565,QNDF,1.0e-8,1.0e-8
FidesBFGS,1779.4793833787958,3088.067713251,true,694,566,QNDF,1.0e-8,1.0e-8
FidesGN,1689.3506341444745,704.923993093,true,183,566,QNDF,1.0e-8,1.0e-8
FidesBFGS,1815.8242813545917,2252.736565868,true,700,567,QNDF,1.0e-8,1.0e-8
FidesGN,1681.6113327912465,427.418052326,true,143,567,QNDF,1.0e-8,1.0e-8
FidesBFGS,1910.2412464005656,1959.158336969,true,640,568,QNDF,1.0e-8,1.0e-8
FidesGN,1681.645689941286,546.704029806,true,143,568,QNDF,1.0e-8,1.0e-8
FidesBFGS,1738.589179235772,1667.283620887,true,660,569,QNDF,1.0e-8,1.0e-8
FidesGN,1681.617292424552,558.575217217,true,193,569,QNDF,1.0e-8,1.0e-8
FidesBFGS,5245.1442607221725,2088.353929886,true,325,570,QNDF,1.0e-8,1.0e-8
FidesGN,1729.1904802496922,1180.150923142,true,252,570,QNDF,1.0e-8,1.0e-8
FidesBFGS,1809.2723689148472,2627.048075519,true,822,571,QNDF,1.0e-8,1.0e-8
FidesGN,1711.878585353656,795.05819214,true,221,571,QNDF,1.0e-8,1.0e-8
FidesBFGS,1752.0394008345365,2589.796349585,true,671,572,QNDF,1.0e-8,1.0e-8
FidesGN,1765.6477789992073,410.044193368,true,122,572,QNDF,1.0e-8,1.0e-8
FidesBFGS,1778.918345023591,2885.623702524,false,666,573,QNDF,1.0e-8,1.0e-8
FidesGN,1763.7475260594874,417.087553424,true,116,573,QNDF,1.0e-8,1.0e-8
FidesBFGS,1716.5444512059175,1601.205186772,true,576,574,QNDF,1.0e-8,1.0e-8
FidesGN,1689.3504904868753,974.100955558,true,285,574,QNDF,1.0e-8,1.0e-8
FidesBFGS,1926.0265240448407,1725.241032823,true,581,575,QNDF,1.0e-8,1.0e-8
FidesGN,1729.1740299849525,1077.748375425,true,266,575,QNDF,1.0e-8,1.0e-8
FidesBFGS,1738.607181457408,2761.348316339,true,753,576,QNDF,1.0e-8,1.0e-8
FidesGN,1689.486704851713,495.945014218,true,136,576,QNDF,1.0e-8,1.0e-8
FidesBFGS,5707.744423157859,410.381030114,false,119,577,QNDF,1.0e-8,1.0e-8
FidesGN,1700.4384542108155,744.731031302,true,204,577,QNDF,1.0e-8,1.0e-8
FidesBFGS,1741.0955319533732,1803.506111543,true,656,578,QNDF,1.0e-8,1.0e-8
FidesGN,1681.6538668161766,670.832618135,true,203,578,QNDF,1.0e-8,1.0e-8
FidesBFGS,1753.2937939904193,2025.802114525,true,745,579,QNDF,1.0e-8,1.0e-8
FidesGN,1700.9044332916237,497.028653838,true,165,579,QNDF,1.0e-8,1.0e-8
FidesBFGS,1729.9988968366051,1721.104005157,true,560,580,QNDF,1.0e-8,1.0e-8
FidesGN,1745.6367233108426,341.552401752,true,102,580,QNDF,1.0e-8,1.0e-8
FidesBFGS,5824.814688991306,88.824323475,true,120,581,QNDF,1.0e-8,1.0e-8
FidesGN,1681.6271690802696,533.130525459,true,171,581,QNDF,1.0e-8,1.0e-8
FidesBFGS,1706.6372931085175,1992.541237781,true,679,582,QNDF,1.0e-8,1.0e-8
FidesGN,1760.856247119647,372.989868641,true,120,582,QNDF,1.0e-8,1.0e-8
FidesBFGS,1704.099587246108,1971.491814915,true,755,583,QNDF,1.0e-8,1.0e-8
FidesGN,1700.438718779588,579.998773268,true,175,583,QNDF,1.0e-8,1.0e-8
FidesBFGS,1875.4569248683001,2241.944273702,true,665,584,QNDF,1.0e-8,1.0e-8
FidesGN,1689.3501657459528,662.598598098,true,191,584,QNDF,1.0e-8,1.0e-8
FidesBFGS,1793.5704717897215,2540.503523069,true,643,585,QNDF,1.0e-8,1.0e-8
FidesGN,1730.3064073729238,954.946550366,true,242,585,QNDF,1.0e-8,1.0e-8
FidesBFGS,1741.7465327298892,2766.396222154,true,649,586,QNDF,1.0e-8,1.0e-8
FidesGN,1730.2502651794712,917.997544301,true,244,586,QNDF,1.0e-8,1.0e-8
FidesBFGS,1764.265400194675,1729.501918475,true,591,587,QNDF,1.0e-8,1.0e-8
FidesGN,1732.285467443695,634.768222693,true,174,587,QNDF,1.0e-8,1.0e-8
FidesBFGS,1704.1217054519273,2409.447554247,true,685,588,QNDF,1.0e-8,1.0e-8
FidesGN,1700.4382637509498,442.446877189,true,141,588,QNDF,1.0e-8,1.0e-8
FidesBFGS,1731.9425727411192,1749.548319176,true,630,589,QNDF,1.0e-8,1.0e-8
FidesGN,1700.4517410572114,338.169923987,true,102,589,QNDF,1.0e-8,1.0e-8
FidesBFGS,1765.5364230854402,2260.334495724,true,701,590,QNDF,1.0e-8,1.0e-8
FidesGN,1700.912772102316,429.507271516,true,119,590,QNDF,1.0e-8,1.0e-8
FidesBFGS,1738.3111557360721,1609.420530535,true,598,591,QNDF,1.0e-8,1.0e-8
FidesGN,1729.1893474832923,953.253509229,true,268,591,QNDF,1.0e-8,1.0e-8
FidesBFGS,1706.9497594200825,1832.337984158,true,634,592,QNDF,1.0e-8,1.0e-8
FidesGN,1730.2481302882968,688.2759751,true,179,592,QNDF,1.0e-8,1.0e-8
FidesBFGS,1757.2879638175286,3560.618530936,true,798,593,QNDF,1.0e-8,1.0e-8
FidesGN,1730.2517978437618,845.911765569,true,236,593,QNDF,1.0e-8,1.0e-8
FidesBFGS,1769.6846664912835,2415.330148248,true,715,594,QNDF,1.0e-8,1.0e-8
FidesGN,1728.7757231146843,1047.027602668,true,265,594,QNDF,1.0e-8,1.0e-8
FidesBFGS,1793.6932400555293,1942.222555438,true,618,595,QNDF,1.0e-8,1.0e-8
FidesGN,1690.1021407199323,401.507985094,true,112,595,QNDF,1.0e-8,1.0e-8
FidesBFGS,1753.4263654308272,1913.795500921,true,552,596,QNDF,1.0e-8,1.0e-8
FidesGN,1851.9245517604777,350.87086656,true,81,596,QNDF,1.0e-8,1.0e-8
FidesBFGS,1742.9688071189314,2457.129507535,true,593,597,QNDF,1.0e-8,1.0e-8
FidesGN,1730.2547023348534,729.172680323,true,178,597,QNDF,1.0e-8,1.0e-8
FidesBFGS,1691.6231856159168,3791.242308295,true,844,598,QNDF,1.0e-8,1.0e-8
FidesGN,1729.656779430532,657.124742511,true,128,598,QNDF,1.0e-8,1.0e-8
FidesBFGS,1787.6678052578702,2170.475441279,true,678,599,QNDF,1.0e-8,1.0e-8
FidesGN,1729.1767669329838,1118.015502121,true,299,599,QNDF,1.0e-8,1.0e-8
FidesBFGS,1760.540337692194,2239.438790218,true,639,600,QNDF,1.0e-8,1.0e-8
FidesGN,1700.4382409524796,582.24578069,true,180,600,QNDF,1.0e-8,1.0e-8
FidesBFGS,1705.8589893065505,1719.68545118,true,643,601,QNDF,1.0e-8,1.0e-8
FidesGN,1681.6997734300667,412.907715751,true,126,601,QNDF,1.0e-8,1.0e-8
FidesBFGS,1725.1248567249108,2756.440442629,true,740,602,QNDF,1.0e-8,1.0e-8
FidesGN,1689.4821792382304,362.19213281,true,109,602,QNDF,1.0e-8,1.0e-8
FidesBFGS,1812.6343669644214,3639.072201079,true,746,603,QNDF,1.0e-8,1.0e-8
FidesGN,1690.1103412710106,984.333786769,true,193,603,QNDF,1.0e-8,1.0e-8
FidesBFGS,1708.5620952702484,2592.6119849,true,914,604,QNDF,1.0e-8,1.0e-8
FidesGN,1681.7092967526423,466.143189638,true,153,604,QNDF,1.0e-8,1.0e-8
FidesBFGS,1778.936305716319,2035.320191906,true,625,605,QNDF,1.0e-8,1.0e-8
FidesGN,1690.0953008072368,638.505092554,true,196,605,QNDF,1.0e-8,1.0e-8
FidesBFGS,1727.891987694065,1620.75039065,true,541,606,QNDF,1.0e-8,1.0e-8
FidesGN,1725.703021450286,670.494136032,true,193,606,QNDF,1.0e-8,1.0e-8
FidesBFGS,1696.8421646862741,2234.851956715,true,735,607,QNDF,1.0e-8,1.0e-8
FidesGN,1681.6127732177363,654.469259083,true,179,607,QNDF,1.0e-8,1.0e-8
FidesBFGS,1710.6220623265467,1762.985727326,true,568,608,QNDF,1.0e-8,1.0e-8
FidesGN,1694.1701372697626,409.434839373,true,121,608,QNDF,1.0e-8,1.0e-8
FidesBFGS,1719.2401190603312,2023.00366134,true,566,609,QNDF,1.0e-8,1.0e-8
FidesGN,1681.6070787990532,519.149429952,true,164,609,QNDF,1.0e-8,1.0e-8
FidesBFGS,1765.0145235539762,2019.296803602,true,617,610,QNDF,1.0e-8,1.0e-8
FidesGN,1694.1437527473465,346.14290689,true,108,610,QNDF,1.0e-8,1.0e-8
FidesBFGS,1780.2180266865093,2392.672933958,true,787,611,QNDF,1.0e-8,1.0e-8
FidesGN,1725.3649360011714,415.376975259,true,131,611,QNDF,1.0e-8,1.0e-8
FidesBFGS,1690.7335486051286,1729.927327289,true,612,612,QNDF,1.0e-8,1.0e-8
FidesGN,1681.6083909039169,374.649129159,true,124,612,QNDF,1.0e-8,1.0e-8
FidesBFGS,1737.781839751827,3273.513992211,true,913,613,QNDF,1.0e-8,1.0e-8
FidesGN,1700.4381300479479,677.747050468,true,203,613,QNDF,1.0e-8,1.0e-8
FidesBFGS,1767.4181513802155,3057.957768616,true,800,614,QNDF,1.0e-8,1.0e-8
FidesGN,1700.438308896621,615.07172532,true,179,614,QNDF,1.0e-8,1.0e-8
FidesBFGS,1782.696894704047,1893.773573702,true,694,615,QNDF,1.0e-8,1.0e-8
FidesGN,1798.0911866339786,910.393543454,true,242,615,QNDF,1.0e-8,1.0e-8
FidesBFGS,1791.6681656450055,1996.771162768,true,680,616,QNDF,1.0e-8,1.0e-8
FidesGN,1746.0351067122906,404.514975394,true,125,616,QNDF,1.0e-8,1.0e-8
FidesBFGS,1710.3343678140106,1904.606091618,true,699,617,QNDF,1.0e-8,1.0e-8
FidesGN,1692.0552996437855,621.341488845,true,203,617,QNDF,1.0e-8,1.0e-8
FidesBFGS,1780.3477078292128,1939.779654233,true,621,618,QNDF,1.0e-8,1.0e-8
FidesGN,1797.8773918568338,694.876500796,true,190,618,QNDF,1.0e-8,1.0e-8
FidesBFGS,5824.818175801893,244.123729942,true,116,619,QNDF,1.0e-8,1.0e-8
FidesGN,1746.798744996845,691.639665659,true,202,619,QNDF,1.0e-8,1.0e-8
FidesBFGS,1765.9489815058894,1733.192698411,true,515,620,QNDF,1.0e-8,1.0e-8
FidesGN,1789.681637416455,681.695227715,true,177,620,QNDF,1.0e-8,1.0e-8
FidesBFGS,1702.0667252863782,1691.783078892,true,594,621,QNDF,1.0e-8,1.0e-8
FidesGN,1689.350192269382,637.48576656,true,167,621,QNDF,1.0e-8,1.0e-8
FidesBFGS,1684.9455862492484,2675.455306757,true,846,622,QNDF,1.0e-8,1.0e-8
FidesGN,1789.52258514134,601.408003448,true,181,622,QNDF,1.0e-8,1.0e-8
FidesBFGS,1852.8355434107316,2022.968851974,true,736,623,QNDF,1.0e-8,1.0e-8
FidesGN,1683.32966451137,449.969551604,true,146,623,QNDF,1.0e-8,1.0e-8
FidesBFGS,1771.5904595090856,1590.556494126,true,541,624,QNDF,1.0e-8,1.0e-8
FidesGN,1792.5736530300337,344.975001199,true,108,624,QNDF,1.0e-8,1.0e-8
FidesBFGS,1801.4230862425295,2533.966552516,true,782,625,QNDF,1.0e-8,1.0e-8
FidesGN,1700.4384317548852,577.996215322,true,166,625,QNDF,1.0e-8,1.0e-8
FidesBFGS,1737.9467370485818,2480.038884469,true,833,626,QNDF,1.0e-8,1.0e-8
FidesGN,1700.4385240595634,547.334309619,true,143,626,QNDF,1.0e-8,1.0e-8
FidesBFGS,1689.9029123570763,1668.995783835,true,621,627,QNDF,1.0e-8,1.0e-8
FidesGN,1765.6482646746067,612.878288281,true,184,627,QNDF,1.0e-8,1.0e-8
FidesBFGS,1773.9733337924058,1482.682518907,true,496,628,QNDF,1.0e-8,1.0e-8
FidesGN,1729.1774662181813,823.47969748,true,209,628,QNDF,1.0e-8,1.0e-8
FidesBFGS,1967.4880911008609,2960.028224437,true,811,629,QNDF,1.0e-8,1.0e-8
FidesGN,1693.2191963186506,501.097896948,true,148,629,QNDF,1.0e-8,1.0e-8
FidesBFGS,1706.2125818610546,6228.886240963,true,992,630,QNDF,1.0e-8,1.0e-8
FidesGN,1798.1167782223122,992.020103771,true,245,630,QNDF,1.0e-8,1.0e-8
FidesBFGS,1879.9245242362017,1679.003531352,true,582,631,QNDF,1.0e-8,1.0e-8
FidesGN,1746.823733896008,766.938754337,true,238,631,QNDF,1.0e-8,1.0e-8
FidesBFGS,1710.6520162893335,3057.766379891,true,790,632,QNDF,1.0e-8,1.0e-8
FidesGN,1760.856277175039,563.687111708,true,173,632,QNDF,1.0e-8,1.0e-8
FidesBFGS,1720.0013220066098,2567.455745194,true,863,633,QNDF,1.0e-8,1.0e-8
FidesGN,1700.4384085886486,662.283188708,true,194,633,QNDF,1.0e-8,1.0e-8
FidesBFGS,1765.9239721590523,3216.901880123,true,821,634,QNDF,1.0e-8,1.0e-8
FidesGN,1700.4453235166434,318.546418257,true,102,634,QNDF,1.0e-8,1.0e-8
FidesBFGS,1688.3685725492574,2389.342425696,true,776,635,QNDF,1.0e-8,1.0e-8
FidesGN,1700.448412387987,349.468387781,true,110,635,QNDF,1.0e-8,1.0e-8
FidesBFGS,1694.8575308484565,2731.636268851,true,908,636,QNDF,1.0e-8,1.0e-8
FidesGN,1681.6190555442527,511.406702634,true,174,636,QNDF,1.0e-8,1.0e-8
FidesBFGS,1714.1101130174425,2510.326955712,true,628,637,QNDF,1.0e-8,1.0e-8
FidesGN,1690.0949751296503,840.060151955,true,223,637,QNDF,1.0e-8,1.0e-8
FidesBFGS,1737.791875603107,2475.522958824,true,624,638,QNDF,1.0e-8,1.0e-8
FidesGN,1746.8197393455941,408.024511377,true,108,638,QNDF,1.0e-8,1.0e-8
FidesBFGS,1708.3155979016237,2164.368920244,true,721,639,QNDF,1.0e-8,1.0e-8
FidesGN,1711.4210100596747,643.985531209,true,188,639,QNDF,1.0e-8,1.0e-8
FidesBFGS,1730.0858126324456,1504.174793379,true,584,640,QNDF,1.0e-8,1.0e-8
FidesGN,1755.9733432784078,396.599405055,true,124,640,QNDF,1.0e-8,1.0e-8
FidesBFGS,1755.2936636899483,2836.063660229,true,788,641,QNDF,1.0e-8,1.0e-8
FidesGN,3686.3975081359604,2826.933744781,false,1000,641,QNDF,1.0e-8,1.0e-8
FidesBFGS,1687.436021532546,1746.386390987,true,630,642,QNDF,1.0e-8,1.0e-8
FidesGN,1681.7378309605883,414.578509109,true,119,642,QNDF,1.0e-8,1.0e-8
FidesBFGS,1690.155592789655,1190.452980518,true,515,643,QNDF,1.0e-8,1.0e-8
FidesGN,1681.676063296782,402.201233954,true,140,643,QNDF,1.0e-8,1.0e-8
FidesBFGS,1697.8735391674745,1802.319472102,true,679,644,QNDF,1.0e-8,1.0e-8
FidesGN,1681.6175289892467,485.018162284,true,158,644,QNDF,1.0e-8,1.0e-8
FidesBFGS,1734.2301462872874,1939.654736411,true,648,645,QNDF,1.0e-8,1.0e-8
FidesGN,1729.7535245104402,1114.856295058,true,229,645,QNDF,1.0e-8,1.0e-8
FidesBFGS,6017.862624903714,115.734257197,true,132,646,QNDF,1.0e-8,1.0e-8
FidesGN,1681.7528184522398,428.223219396,true,118,646,QNDF,1.0e-8,1.0e-8
FidesBFGS,1759.135619303222,1362.870985647,true,514,647,QNDF,1.0e-8,1.0e-8
FidesGN,1681.6245561323135,349.478115295,true,113,647,QNDF,1.0e-8,1.0e-8
FidesBFGS,1708.622864361112,2394.2989236,true,807,648,QNDF,1.0e-8,1.0e-8
FidesGN,1683.299719636843,311.059903238,true,97,648,QNDF,1.0e-8,1.0e-8
FidesBFGS,1726.5489801369154,2901.81435105,true,716,649,QNDF,1.0e-8,1.0e-8
FidesGN,1766.4419114609047,583.255344462,true,125,649,QNDF,1.0e-8,1.0e-8
FidesBFGS,2055.04865271571,2861.539624802,true,610,650,QNDF,1.0e-8,1.0e-8
FidesGN,1796.6534412371807,1271.548875263,true,346,650,QNDF,1.0e-8,1.0e-8
FidesBFGS,1907.7539294591052,1680.133173149,true,645,651,QNDF,1.0e-8,1.0e-8
FidesGN,1681.6116574815487,451.227960759,true,147,651,QNDF,1.0e-8,1.0e-8
FidesBFGS,5824.80980827798,100.314849317,true,158,652,QNDF,1.0e-8,1.0e-8
FidesGN,1700.4536221547128,379.271851135,true,124,652,QNDF,1.0e-8,1.0e-8
FidesBFGS,1732.0583826930206,2076.450065445,true,618,653,QNDF,1.0e-8,1.0e-8
FidesGN,1689.4785916030553,492.798349813,true,137,653,QNDF,1.0e-8,1.0e-8
FidesBFGS,1705.556317307844,2274.451004486,true,736,654,QNDF,1.0e-8,1.0e-8
FidesGN,1711.4076012934333,596.680821193,true,178,654,QNDF,1.0e-8,1.0e-8
FidesBFGS,1693.6871493109788,1948.106950738,true,623,655,QNDF,1.0e-8,1.0e-8
FidesGN,1725.3591814069277,669.33499635,true,173,655,QNDF,1.0e-8,1.0e-8
FidesBFGS,1727.359123787624,1825.179960216,true,698,656,QNDF,1.0e-8,1.0e-8
FidesGN,1681.6097491382818,457.437718151,true,155,656,QNDF,1.0e-8,1.0e-8
FidesBFGS,1729.01604248815,2225.648320711,true,760,657,QNDF,1.0e-8,1.0e-8
FidesGN,1740.9953745133228,712.08270441,true,195,657,QNDF,1.0e-8,1.0e-8
FidesBFGS,1740.971689522999,2405.100955693,true,725,658,QNDF,1.0e-8,1.0e-8
FidesGN,1740.95897318533,723.098656598,true,181,658,QNDF,1.0e-8,1.0e-8
FidesBFGS,1694.6277406368004,2562.137907803,true,754,659,QNDF,1.0e-8,1.0e-8
